,speed,co_emission,co2_emission,nox_emission,fuel_consumption
!0,9.5666,16.0691,2816.9672,0.9329,924.5394
!1,9.4115,19.7132,3320.2724,1.1214,1089.1813
!2,10.4555,22.8681,3637.6263,1.2244,1181.5827
!3,13.1371,26.0142,3522.2025,1.2231,1133.6296
!4,10.4032,17.0708,2730.5286,0.9303,885.3823
!5,12.4405,66.4163,5977.0667,2.3305,1942.6726
!6,17.275,67.5763,5474.8475,2.1371,1773.0663
!7,10.4049,14.3444,2751.7439,0.9071,885.3599
!8,9.2718,15.7067,3062.5303,0.9977,1002.3286
!9,8.9347,11.6121,2607.4443,0.8703,843.2782
!10,8.6968,18.3441,3401.8315,1.0835,1079.1175
!11,14.1849,78.6741,6553.4195,2.537,2133.5705
!12,9.6413,14.6236,2731.945,0.9011,898.0762
!13,11.0178,35.093,4525.1338,1.5807,1473.1995
!14,7.7143,12.4405,2811.3177,0.8839,896.694
!15,9.2644,13.7337,2651.7156,0.8641,852.1327
!16,7.7321,11.7057,2662.0678,0.8506,852.6544
!17,8.9839,21.9357,3832.2639,1.2461,1214.2105
!18,8.6839,19.0231,3445.7637,1.1023,1110.8521
!19,11.7632,30.233,3873.7508,1.3327,1243.0398
!20,9.4928,9.3681,2239.7966,0.722,739.9776
!21,16.4212,90.3243,7078.8055,2.7732,2294.6365
!22,9.4449,16.4025,3083.0189,1.0181,991.4503
!23,8.3162,18.2341,3657.9277,1.1656,1192.586
!24,8.3976,16.7562,3438.7883,1.0835,1097.7515
!25,8.2172,13.7657,2908.3416,0.9408,942.3731
!26,9.1757,14.548,2586.6382,0.8468,856.0947
!27,12.5305,12.3475,2112.0284,0.778,670.5103
!28,12.0895,24.346,3179.4894,1.1054,1028.8087
!29,15.4314,78.2017,6177.7509,2.4608,2017.0257
!30,17.6464,112.1954,7704.3778,3.1822,2489.7583
!31,10.9522,21.0179,2887.3285,0.994,937.9804
!32,8.5911,9.7302,2051.5854,0.6588,657.5367
!33,13.6607,28.1166,3512.7501,1.2484,1142.0694
!34,15.1546,64.4205,5627.8263,2.1494,1818.0299
!35,15.4611,70.9562,6049.8887,2.3193,1977.4183
!36,11.6887,23.5276,3526.908,1.1908,1152.1057
!37,11.5062,26.4119,3551.4747,1.2433,1157.5512
!38,18.8315,118.0324,7934.9089,3.2985,2605.3697
!39,8.7717,13.881,2764.3977,0.8993,901.2206
!40,11.2852,17.0584,2693.9606,0.9341,873.5659
!41,9.8434,21.2149,3506.4567,1.1829,1168.1204
!42,10.5042,21.0607,3074.1728,1.0404,991.4635
!43,16.0564,69.7413,5694.5448,2.262,1849.5989
!44,10.1431,31.9989,4557.614,1.5207,1493.5708
!45,11.1195,32.9962,4488.7162,1.5251,1472.1199
!46,9.3725,12.8787,2226.5536,0.729,705.6344
!47,9.3944,13.4025,2625.3764,0.8727,853.7841
!48,14.475,56.1205,5128.6206,1.9156,1671.8265
!49,8.8289,15.5889,2963.3449,0.9488,949.2412
!50,9.0764,11.3063,2380.6815,0.8003,780.2876
!51,6.1682,6.9629,2011.5952,0.5983,663.0233
!52,16.0719,78.8631,5974.7652,2.3545,1914.12
!53,14.528,15.4381,2270.2224,0.832,723.645
!54,10.3603,19.2276,3023.6111,1.0297,980.0735
!55,9.9092,20.0705,3370.2962,1.1122,1097.6557
!56,12.9482,64.5297,5864.4862,2.2299,1926.2814
!57,10.0815,30.2244,4415.9513,1.4703,1414.6181
!58,19.181,81.0013,5833.3612,2.3782,1902.3969
!59,14.4926,77.976,6468.72,2.4986,2083.9666
!60,10.9258,20.4337,3145.9466,1.0541,1026.2918
!61,10.2279,36.5958,4882.1197,1.6392,1559.8409
!62,17.7686,72.4254,5582.7822,2.2363,1824.133
!63,10.2883,56.9695,5424.2546,2.0902,1758.3609
!64,11.0274,51.9998,5486.0623,1.9934,1753.9057
!65,13.6388,57.248,5203.315,1.9486,1695.9424
!66,6.4205,11.4938,2658.5786,0.8616,867.1408
!67,15.0668,65.3833,5605.9682,2.1261,1800.2952
!68,17.154,37.7781,3519.2969,1.3347,1149.5731
!69,10.3903,18.5092,3030.6375,1.0239,992.1666
!70,18.2106,54.114,4471.3941,1.7335,1445.5671
!71,14.582,62.7907,5374.2033,2.0881,1745.6943
!72,7.5073,10.9626,1988.9742,0.7559,656.2417
!73,18.516,90.6034,6564.6617,2.591,2120.8655
!74,16.2022,56.9591,5150.8658,1.9608,1662.3284
!75,9.9352,14.4092,2887.3952,1.003,937.6447
!76,10.025,20.0589,3281.2368,1.097,1057.2389
!77,15.9825,85.3325,6787.8479,2.6838,2178.9885
!78,9.0964,13.5265,2752.2656,0.9058,900.0197
!79,16.2993,88.8395,6660.6993,2.6826,2175.4362
!80,13.2501,22.679,3282.1991,1.1656,1059.1836
!81,9.8855,16.2077,2773.3967,0.942,915.9418
!82,9.7997,16.2443,2671.0055,0.9004,870.5473
!83,6.5578,19.1518,3519.2124,1.2088,1134.4514
!84,14.6477,37.4348,3898.5953,1.4078,1240.9905
!85,19.2884,97.5529,6597.5614,2.6963,2132.1299
!86,12.3195,16.5649,2638.4283,0.9224,855.0202
!87,5.6126,11.5186,2486.1924,0.8388,809.9606
!88,8.8084,20.2577,3628.6968,1.1736,1167.9029
!89,10.1121,24.2953,3861.5998,1.288,1268.233
!90,10.0779,23.0991,3695.9096,1.2402,1197.54
!91,6.8033,3.4527,1671.7467,0.5415,517.2059
!92,6.9692,14.3835,3081.9365,0.9585,1008.4753
!93,8.5674,11.8483,2382.8555,0.768,772.7028
!94,3.1241,3.0712,2907.8189,0.8118,946.425
!95,14.5003,84.4024,6712.7546,2.6391,2150.9572
!96,10.0315,19.123,3006.6216,0.9982,950.381
!97,7.8357,8.6411,2327.5854,0.731,757.7209
!98,10.1309,23.9029,3834.0777,1.2758,1246.827
!99,14.2795,81.9899,6570.4237,2.527,2124.4986
!100,11.0771,23.4357,3454.2982,1.207,1124.0848
!101,13.6488,69.341,5938.7206,2.2898,1931.9035
!102,12.2021,16.2151,2688.2254,0.936,869.069
!103,11.7443,16.0953,2694.1187,0.9178,871.087
!104,14.6297,38.5953,4178.6582,1.5609,1361.6337
!105,9.8961,16.2076,2913.008,0.9681,950.964
!106,10.3442,20.0712,3331.5516,1.1042,1075.3402
!107,10.3589,17.9609,2870.8314,0.9642,927.94
!108,10.5643,30.0883,4071.1655,1.4267,1326.2103
!109,9.8171,25.1931,3897.8977,1.3234,1267.3847
!110,11.1506,15.8298,2820.3369,0.9446,914.2782
!111,10.0109,6.7868,1731.7227,0.6096,561.8286
!112,15.3906,73.9863,6065.5603,2.3502,1955.0752
!113,12.6474,19.3088,2882.666,1.0068,928.3927
!114,11.0985,21.8234,3421.7049,1.1725,1117.468
!115,10.7471,13.2481,2592.1916,0.8683,834.825
!116,11.6396,28.5187,3702.5589,1.2941,1202.6885
!117,10.1976,18.0577,2960.0089,1.0003,960.6989
!118,8.9854,18.7528,3329.0662,1.0717,1080.3582
!119,8.3052,21.7329,3612.8319,1.212,1203.8818
!120,15.6907,61.1573,5165.0269,1.9908,1704.711
!121,9.6604,28.2445,4243.9334,1.3926,1380.3167
!122,15.756,76.4724,6152.4392,2.4044,2005.7032
!123,13.1394,34.8807,4153.4537,1.4807,1352.2352
!124,22.8904,102.0755,6675.4277,2.794,2156.0804
!125,18.1319,59.4632,4658.4619,1.8303,1505.5483
!126,16.4559,79.5387,6311.9194,2.5126,2046.5395
!127,13.6243,35.7797,3940.5228,1.4377,1283.5174
!128,8.3433,22.7734,3983.0399,1.235,1285.741
!129,10.2831,17.2908,2917.5745,0.9839,941.4584
!130,9.7669,18.9128,3411.3385,1.1442,1105.8908
!131,10.6009,39.5592,5394.6608,1.841,1765.2998
!132,9.5602,33.8911,4881.1197,1.6335,1550.1305
!133,11.843,34.9695,4713.0218,1.5942,1527.4644
!134,10.097,19.8295,3188.0671,1.08,1055.3257
!135,9.1187,23.6962,4020.0883,1.2858,1299.0052
!136,13.3451,24.177,3092.4546,1.103,996.1523
!137,10.0659,16.5555,2952.3701,0.9963,959.0255
!138,18.0336,83.8809,6352.3265,2.5259,2038.413
!139,9.009,11.8487,2565.3822,0.8476,830.6294
!140,11.288,19.9322,2894.0122,1.0294,950.4315
!141,18.1696,91.843,6731.291,2.7285,2173.578
!142,14.421,25.8779,3320.1326,1.1177,1079.1758
!143,13.6334,83.5744,6553.1461,2.5868,2084.4785
!144,7.6887,12.0349,2855.8722,0.9046,918.0541
!145,10.2719,32.4641,4626.6184,1.5541,1490.3678
!146,7.804,15.2466,3256.9242,1.0204,1051.3177
!147,8.8551,25.9118,4338.0077,1.424,1403.2312
!148,9.7481,17.1446,2749.7299,0.9196,898.4672
!149,12.1208,20.6237,3122.9999,1.0737,1026.4936
!150,9.9669,17.4137,2933.8842,0.984,954.5388
!151,17.9875,106.233,7230.8848,2.9909,2332.9409
!153,10.0995,12.0177,2365.1001,0.7993,765.803
!154,17.8746,79.7751,5938.577,2.3535,1924.8874
!155,9.3243,28.2524,4383.3771,1.4178,1404.2534
!156,9.3319,23.9064,3906.2891,1.296,1249.7413
!157,15.665,94.1993,6933.9424,2.7937,2246.9781
!158,10.0374,9.6738,1743.7696,0.6025,563.0526
!159,10.2169,29.9688,4314.4215,1.4381,1407.6579
!160,8.6788,14.0123,2768.8269,0.9061,900.277
!161,10.2897,25.2767,3735.9587,1.2524,1221.0816
!162,9.9082,30.9515,4696.6657,1.5588,1447.8559
!163,14.0695,20.3623,2662.4027,0.9668,874.2877
!164,18.5001,83.38,6162.6944,2.4874,1979.3916
!165,11.8587,11.9777,2195.268,0.7704,718.9798
!166,17.55,115.3522,7865.1806,3.1833,2542.1473
!167,16.814,96.4568,7131.4753,2.8235,2292.0663
!168,15.65,77.1851,6105.3174,2.4032,1986.5334
!169,8.8459,17.4351,3220.5585,1.033,1032.4431
!170,18.8266,119.9738,7713.4724,3.2038,2550.2066
!171,6.0887,10.0307,2671.4682,0.8267,859.864
!172,9.2511,13.9348,2740.4215,0.8859,879.4309
!173,12.5571,36.0886,4192.5223,1.4898,1351.2034
!174,11.6411,31.3152,4313.2899,1.4958,1404.8526
!175,8.3652,12.2461,2639.165,0.87,855.0988
!176,10.5053,37.1108,4891.7474,1.6569,1558.9618
!177,9.7493,27.0275,4129.2656,1.3567,1357.3665
!178,12.4792,27.5472,3640.0272,1.2773,1138.5543
!179,10.5214,17.8882,2744.5988,0.9234,876.1618
!180,17.349,97.5401,7082.6729,2.8562,2319.34
!181,9.072,21.0811,3539.135,1.1653,1111.229
!182,10.1598,17.5117,3136.077,1.0336,1015.0381
!183,16.784,60.0291,5207.2782,1.9736,1672.167
!184,14.3445,78.6677,6501.5968,2.5259,2075.9016
!185,7.3767,13.4184,2849.0901,0.9592,934.1213
!186,9.0571,19.9562,3412.033,1.1336,1114.9586
!187,8.5549,13.1257,2519.4862,0.8082,811.5314
!188,8.8341,13.5297,2748.2183,0.8734,882.9921
!189,10.1171,19.3435,3176.1727,1.0487,1028.4139
!190,15.2285,53.8423,4941.789,1.885,1598.9101
!191,8.986,12.1991,2501.3531,0.834,802.301
!192,10.3514,18.3953,2916.6135,1.0024,984.3928
!193,10.7345,20.406,3235.835,1.1004,1049.294
!194,10.2212,18.912,2978.4836,1.0154,971.2891
!195,14.4946,40.3615,4010.4583,1.4926,1293.8831
!196,15.5865,83.2424,6609.9522,2.5619,2111.3613
!197,8.2462,21.6765,3920.4143,1.2518,1267.3539
!198,9.7316,27.5415,4346.8772,1.4271,1414.2298
!199,9.0233,11.4237,2303.4211,0.7623,755.1134
!200,16.5916,61.5973,5408.2637,2.0739,1743.4506
!201,9.0556,11.7828,2351.2505,0.7795,768.1406
!202,10.7043,19.9252,3188.7579,1.0671,1031.0625
!203,11.8374,35.7236,4210.3313,1.4948,1354.5979
!204,17.5885,108.4571,7501.3796,3.0682,2463.587
!205,10.8616,15.535,2610.3875,0.8929,849.302
!206,9.7516,14.6333,2525.5619,0.8445,813.5429
!207,13.9796,81.4347,6477.1372,2.5337,2082.3377
!208,9.9834,18.7044,3234.4199,1.0744,1053.0653
!209,10.2341,18.965,2947.6563,0.9945,961.9687
!210,17.3652,95.0618,7200.4136,2.8313,2319.3784
!211,10.1919,20.7027,3462.9427,1.1597,1116.6993
!212,17.2127,81.6872,6211.1625,2.4664,1990.1921
!213,10.0583,30.2869,4378.6721,1.469,1424.7484
!214,8.6649,9.3524,2206.3037,0.7355,719.0279
!215,12.4942,24.1947,3318.9876,1.1489,1075.9492
!216,10.2136,15.0716,2753.9699,0.9334,891.9622
!217,10.9913,21.0137,3015.7663,1.0463,983.6972
!218,10.7354,16.554,2569.0607,0.8709,833.3404
!219,8.5173,21.5539,3931.9536,1.2572,1284.0755
!220,17.2353,43.9502,4002.3209,1.517,1288.568
!221,14.844,30.8118,3507.4439,1.2783,1127.8996
!222,9.4473,13.094,2668.7219,0.8698,881.1479
!223,9.8792,14.0087,2692.9917,0.8715,875.1513
!224,10.2412,16.4754,2819.6337,0.9488,909.1525
!225,15.5907,53.0127,4870.6249,1.8296,1556.3358
!226,11.0703,35.2253,4464.5302,1.542,1460.5568
!227,19.3689,97.7597,6850.2899,2.8096,2230.5785
!228,10.4386,29.5441,4256.4926,1.4259,1386.1616
!229,9.9327,18.829,3308.5237,1.101,1075.5021
!230,10.6533,18.0543,2886.34,0.9894,943.214
!231,10.4587,32.9656,4441.453,1.5134,1454.9259
!232,10.2358,17.4569,2914.341,0.9747,938.2721
!233,9.6843,31.7263,4486.7434,1.4849,1431.1046
!234,13.4984,45.4364,4685.6446,1.6734,1522.1801
!235,14.4942,63.8476,5561.786,2.1335,1820.8508
!236,9.6568,16.2188,2718.6809,0.9281,875.3741
!237,9.4061,16.4297,3200.6877,1.0538,1039.3873
!238,9.3924,19.1088,3220.5922,1.0659,1051.1271
!239,9.4698,16.602,2941.8059,0.97,958.826
!240,14.3473,59.2559,5346.365,2.0606,1732.5512
!241,9.5292,14.6479,2465.6461,0.8243,803.3354
!242,8.3444,21.8222,3862.1293,1.2577,1271.2707
!243,14.9124,102.2026,7775.5884,3.0645,2527.0513
!244,10.8673,16.5249,2878.5036,0.9644,933.553
!245,25.7247,91.272,5723.5377,2.3951,1871.4429
!246,7.9827,18.6602,3449.2196,1.0972,1110.5398
!247,9.8791,24.6434,3908.5591,1.2676,1262.9146
!248,11.1592,20.2978,2842.3417,0.9751,928.7033
!249,8.5387,26.2894,4163.0279,1.3866,1350.6492
!250,18.546,44.1079,4051.6824,1.5486,1315.5755
!251,14.8317,60.2229,5154.2526,2.0051,1733.0424
!252,9.7384,23.4741,3639.7944,1.2202,1177.4789
!253,9.3483,18.0252,3186.7691,1.0546,1036.5258
!254,9.1648,12.8789,2432.6512,0.804,781.4225
!255,12.1223,33.0336,3777.7031,1.3499,1206.9013
!256,11.368,20.6332,3253.7174,1.1076,1055.7585
!257,18.3041,155.8447,9619.3073,4.1108,3154.6907
!258,17.7174,112.7961,7707.8446,3.1693,2446.9726
!259,9.3529,11.0912,2440.8355,0.8085,785.432
!260,7.7039,15.463,3297.0286,1.0425,1057.4665
!261,9.9414,25.9729,3976.1786,1.3067,1289.9723
!262,18.1005,85.8511,6174.7539,2.4985,1999.503
!263,16.1587,66.7159,5586.7639,2.142,1817.3675
!264,7.8909,14.4789,3053.735,0.9793,996.9899
!265,9.4499,16.5023,3103.5166,1.0282,1006.0656
!266,9.6687,25.0673,3930.0345,1.3086,1283.8028
!267,14.298,29.5012,3400.7501,1.1885,1090.9612
!268,10.1048,17.9037,3077.3423,1.035,986.1824
!269,9.8173,12.5448,2363.4011,0.7802,764.706
!270,15.5289,88.2275,6985.4637,2.7108,2193.5695
!271,14.1472,70.5652,6094.3257,2.3326,1996.3555
!272,10.9911,18.0003,2954.6286,1.0147,955.2698
!273,15.4553,77.9888,6211.7301,2.4477,2010.4204
!274,12.817,37.2124,4017.0023,1.4874,1314.6499
!275,12.1987,23.9449,3337.4109,1.1639,1075.4863
!276,13.2406,42.5008,4420.233,1.6262,1443.6516
!277,11.1467,27.5847,3850.2903,1.3092,1257.9636
!278,14.2754,75.1626,6485.8976,2.4528,2096.6788
!279,16.0682,67.9994,5433.9204,2.112,1762.84
!280,10.1886,20.4667,3314.3545,1.1402,1053.1556
!281,10.1436,16.088,2536.5166,0.8482,807.1038
!282,9.8235,17.7583,2998.8951,1.0103,968.8047
!283,10.1101,13.789,2475.9562,0.8235,798.08
!284,8.1109,9.7929,2468.2565,0.7919,794.1847
!285,10.31,18.388,3154.7892,1.0628,1029.3992
!286,8.0836,17.3172,3177.1603,1.0424,1035.2472
!287,8.3751,10.4091,2197.8984,0.6771,712.054
!288,20.447,154.0671,8877.7389,3.8497,2899.0399
!289,16.5152,116.922,7855.9925,3.2093,2581.1557
!290,9.9375,30.997,4485.4976,1.5053,1468.9756
!291,12.9569,8.8523,1780.7827,0.6404,570.8217
!292,9.2156,22.9308,3852.3143,1.28,1249.7346
!293,8.0738,17.9012,3471.069,1.0697,1110.4475
!294,12.2727,30.9134,4046.3761,1.4163,1317.0581
!295,9.3512,19.4212,3315.4072,1.1122,1072.2048
!296,9.2525,18.5921,3219.7491,1.0543,1039.5505
!297,9.8605,20.2833,3434.7622,1.1309,1107.0552
!298,12.7041,65.1249,6145.1873,2.3032,2024.0331
!299,10.4323,31.5067,4437.4542,1.4963,1415.8851
!300,16.9726,95.8739,6802.8226,2.7419,2219.4433
!301,11.1597,16.6378,2800.0646,0.9564,902.7476
!302,9.3987,21.2528,3676.9894,1.1852,1179.9467
!303,11.4561,23.1691,3382.0648,1.1689,1082.6182
!304,9.9124,17.8839,3064.7033,1.0221,980.7923
!305,5.1195,10.9242,2862.5176,0.9279,929.7165
!306,16.266,76.8244,6204.6257,2.4414,2018.324
!307,9.1717,16.7985,2980.6473,0.9875,972.2615
!308,10.3883,19.5802,3172.5801,1.0632,1028.8578
!309,10.7964,22.2878,3715.5713,1.2337,1211.4439
!310,9.3949,7.8782,1966.2793,0.6683,634.5074
!311,18.2251,74.0361,5921.1641,2.3187,1936.36
!312,8.8478,25.6998,4038.987,1.3168,1311.272
!313,10.4458,19.4611,3083.0336,1.0419,1004.2725
!314,17.6494,114.7527,8001.4523,3.2762,2542.9141
!315,11.478,23.6674,2883.7814,1.0108,933.551
!316,11.9726,51.8127,5541.2879,2.0183,1802.8071
!317,16.3453,72.7401,5503.4846,2.2068,1801.6247
!318,11.3873,47.4646,5435.1107,1.9167,1773.1116
!319,12.6053,25.4663,3492.2797,1.218,1138.5966
!320,12.0275,37.6647,4593.7663,1.6199,1516.144
!321,9.1671,14.259,2795.7892,0.9209,898.8692
!322,9.1112,14.8884,2937.1064,0.9411,942.0953
!323,6.8359,5.1127,2030.0342,0.6309,669.37
!324,14.7398,64.077,5587.9301,2.1562,1826.1345
!325,13.4753,23.459,3159.7673,1.1092,1029.4661
!326,7.9831,16.3073,3201.5655,1.0312,1037.0988
!327,9.8748,15.2787,2843.8503,0.9388,913.359
!328,10.4864,19.0492,3100.1007,1.0191,1004.6889
!329,9.3468,13.545,2486.2174,0.8221,808.5342
!330,9.4481,18.4058,3288.0658,1.0854,1059.6478
!331,13.9022,79.0653,6341.6055,2.4843,2067.0836
!332,15.3732,71.3244,5889.0393,2.3064,1914.0192
!333,14.748,65.643,5868.7244,2.2202,1889.2362
!334,15.94,70.7592,5844.3952,2.2645,1902.6858
!335,9.5946,13.4528,2614.3084,0.8806,855.4581
!336,19.0768,133.9749,8944.3901,3.6693,2839.7227
!337,16.0968,89.8564,6589.4759,2.6439,2135.4988
!338,9.2365,18.322,3284.0941,1.0793,1082.5447
!339,11.5269,39.4882,4901.2753,1.6702,1564.2799
!340,11.6764,23.2366,3334.8224,1.1372,1083.6432
!341,11.3982,3.0302,820.1901,0.2964,259.8653
!342,9.9323,17.9352,3047.4234,0.9955,983.3669
!343,10.3288,16.7608,2830.508,0.9572,913.7247
!344,19.3988,107.5122,7438.2135,3.0545,2404.5641
!345,7.967,20.2836,3724.2231,1.194,1222.0818
!346,20.0694,79.8862,5857.8066,2.3558,1890.5917
!347,7.4116,11.167,2625.7347,0.8261,837.4055
!348,12.5426,21.1332,2887.1757,1.0313,938.0812
!349,17.5635,49.2185,4396.7,1.687,1426.0295
!350,10.2562,19.277,3094.8057,1.049,1022.9753
!351,7.6448,11.4226,2624.0356,0.8423,838.6189
!352,11.0776,20.8809,3331.2773,1.1137,1089.7298
!353,9.2592,25.0398,3716.727,1.261,1203.08
!354,10.1494,17.6717,3056.3747,1.018,985.8561
!355,10.2014,14.7198,2257.6886,0.7807,736.9559
!356,7.5658,22.8459,4021.6873,1.2908,1314.3258
!357,8.567,11.993,2265.8236,0.7331,731.4274
!358,10.0669,21.3181,3153.9591,1.0851,1025.7117
!359,11.392,7.5327,1765.5135,0.6123,563.5719
