vehicle_id,route_id,time_step,speed,co_emission,co2_emission,nox_emission,fuel_consumption
route1_veh0,route1,0,13.779,106.7312,7997.9315,4.5418,3.0632
route1_veh0,route1,20,10.6618,124.6618,6900.6719,2.4384,3.3492
route1_veh0,route1,40,8.8482,67.5163,9507.5911,2.8168,3.2819
route1_veh0,route1,60,9.6619,102.7594,6520.3931,4.8982,3.2371
route1_veh0,route1,80,12.1949,50.2621,5650.4053,3.1437,3.9463
route1_veh0,route1,100,7.1547,93.0457,7036.9827,4.2026,3.5591
route1_veh0,route1,120,9.7502,131.1298,9166.0226,3.9407,2.4828
route1_veh0,route1,140,8.9192,77.1208,8317.7945,4.3044,3.2138
route1_veh0,route1,160,11.8387,155.7001,3405.272,3.8181,3.4483
route1_veh0,route1,180,16.1739,92.6496,6203.7901,2.6129,4.3735
route1_veh1,route1,0,9.7375,99.9748,7119.7514,1.4688,3.5275
route1_veh1,route1,20,11.5045,85.7752,7380.2109,3.2442,5.3352
route1_veh1,route1,40,6.4663,110.3912,7561.8625,5.4439,3.1745
route1_veh1,route1,60,14.852,136.6962,8944.4478,2.0719,4.5827
route1_veh1,route1,80,8.8734,92.8778,7450.6346,2.5613,1.6823
route1_veh1,route1,100,9.2834,97.2099,8572.749,1.7271,3.6638
route1_veh1,route1,120,12.2996,138.5631,5595.7676,1.7349,3.7758
route1_veh1,route1,140,12.6528,87.0308,10588.7477,3.4814,2.1284
route1_veh1,route1,160,14.8337,121.635,8450.5024,4.9838,3.0198
route1_veh1,route1,180,12.4601,133.1618,7337.764,4.4295,3.0292
route1_veh2,route1,0,8.8452,119.4739,7461.9823,3.5648,3.7388
route1_veh2,route1,20,10.6205,137.1118,7909.4604,1.7886,3.6379
route1_veh2,route1,40,12.5892,74.2545,8152.7062,3.5381,4.3218
route1_veh2,route1,60,13.6602,219.8232,8569.2777,4.2309,4.4896
route1_veh2,route1,80,10.5978,109.6359,10572.9799,1.1153,4.0511
route1_veh2,route1,100,11.9471,77.5332,6387.3671,3.7527,2.5097
route1_veh2,route1,120,6.0843,114.6714,6609.2245,3.8325,2.41
route1_veh2,route1,140,8.2153,98.7849,6913.3773,2.3171,5.2792
route1_veh2,route1,160,18.7636,137.2469,5121.568,2.5987,4.621
route1_veh2,route1,180,13.3642,127.9739,5779.1323,2.8822,0.0612
route1_veh3,route1,0,11.133,115.1968,9293.0004,1.5342,4.5711
route1_veh3,route1,20,12.3357,100.0244,7958.3057,3.6489,5.0163
route1_veh3,route1,40,12.6146,92.5099,7115.9348,2.5329,2.672
route1_veh3,route1,60,14.3404,125.1385,6022.2332,2.4859,4.0097
route1_veh3,route1,80,13.0066,103.2772,7126.3804,4.2036,4.0806
route1_veh3,route1,100,13.7677,96.7118,8151.4872,2.7246,3.4255
route1_veh3,route1,120,15.8016,136.1363,8593.0173,3.879,3.4541
route1_veh3,route1,140,9.3626,103.4268,8203.7172,2.402,2.5127
route1_veh3,route1,160,10.829,115.1906,5322.7674,1.5395,2.5633
route1_veh3,route1,180,11.6859,76.8934,7555.234,2.6558,3.5758
route1_veh4,route1,0,13.7106,96.7208,7660.6092,3.0681,3.2828
route1_veh4,route1,20,18.4892,87.0815,8900.3455,3.0674,5.4819
route1_veh4,route1,40,9.56,107.5644,8151.3325,4.7985,4.3912
route1_veh4,route1,60,7.8035,158.8643,8988.8887,2.6035,1.6454
route1_veh4,route1,80,7.1894,88.7987,7255.6736,3.0887,2.8802
route1_veh4,route1,100,14.1405,75.8744,5243.2722,4.2375,3.6874
route1_veh4,route1,120,18.4804,163.5078,7056.9747,3.869,3.9036
route1_veh4,route1,140,15.1049,55.8269,5685.9377,0.9625,3.2136
route1_veh4,route1,160,7.1718,112.6579,7940.6035,2.9203,1.2214
route1_veh4,route1,180,12.8918,79.3678,6865.5082,1.9573,3.0861
route1_veh5,route1,0,10.2981,87.5109,7658.9335,1.9821,2.7658
route1_veh5,route1,20,10.2888,116.6762,7593.8085,2.8058,3.8927
route1_veh5,route1,40,7.4218,152.1394,10161.2411,2.7994,3.8899
route1_veh5,route1,60,6.9701,113.2196,6494.8409,1.5952,2.6752
route1_veh5,route1,80,12.1349,162.8053,7765.8369,2.2258,4.7813
route1_veh5,route1,100,14.5029,164.9538,5719.7568,3.6086,2.6828
route1_veh5,route1,120,12.2902,82.6159,8103.7909,2.9826,3.1399
route1_veh5,route1,140,13.734,83.1847,7403.8657,3.7721,1.6157
route1_veh5,route1,160,6.9436,111.6015,7865.7558,2.0764,3.9409
route1_veh5,route1,180,9.5572,96.3792,9206.1775,2.4399,4.2442
route1_veh6,route1,0,14.2664,104.689,7862.9371,2.4451,3.3223
route1_veh6,route1,20,10.6881,94.8511,8289.9021,2.4479,3.5959
route1_veh6,route1,40,6.1438,76.5314,4525.9972,2.5868,3.2984
route1_veh6,route1,60,12.5415,134.254,5285.0075,4.1537,3.7542
route1_veh6,route1,80,10.3507,84.7398,8457.5189,2.1657,3.3634
route1_veh6,route1,100,11.3555,82.1342,6271.9329,3.5036,4.0263
route1_veh6,route1,120,9.7063,69.6498,4754.7428,4.5254,4.0271
route1_veh6,route1,140,12.6676,131.88,8290.8875,3.1979,2.5863
route1_veh6,route1,160,9.3938,105.2124,7493.2527,4.0766,1.5373
route1_veh6,route1,180,8.9466,61.624,8519.0227,3.0792,1.995
route1_veh7,route1,0,11.5076,100.836,3215.4371,2.8736,2.958
route1_veh7,route1,20,10.9136,78.9501,11328.4157,3.103,3.2644
route1_veh7,route1,40,11.3603,92.9493,6615.1599,3.0695,3.0124
route1_veh7,route1,60,10.898,99.1249,5383.0884,2.2627,2.2423
route1_veh7,route1,80,14.2568,79.2469,6653.4265,3.3877,2.1437
route1_veh7,route1,100,11.0781,144.0966,5715.7081,3.7303,3.8774
route1_veh7,route1,120,12.6767,69.2195,8733.0073,2.8059,2.6938
route1_veh7,route1,140,8.1864,162.761,4350.9236,4.7381,3.6388
route1_veh7,route1,160,12.3738,115.7961,7108.0366,3.0343,3.6528
route1_veh7,route1,180,11.8725,124.1256,6445.0021,2.206,3.3789
route1_veh8,route1,0,12.7725,137.352,9657.1985,4.0772,1.4567
route1_veh8,route1,20,12.4696,83.8162,6758.4518,1.6688,2.4226
route1_veh8,route1,40,13.6799,115.9743,6084.5443,3.6604,2.7173
route1_veh8,route1,60,11.8687,166.466,6350.799,4.9411,4.1115
route1_veh8,route1,80,9.357,98.7663,7392.196,3.7109,3.4636
route1_veh8,route1,100,14.2185,119.1362,7485.646,1.2917,3.6461
route1_veh8,route1,120,8.6458,140.9427,7529.932,3.6323,3.2756
route1_veh8,route1,140,11.1463,100.4142,7796.861,2.5282,4.6706
route1_veh8,route1,160,14.8782,64.2196,8045.4463,4.0128,3.4837
route1_veh8,route1,180,10.2906,155.7656,11257.1131,2.5772,2.8497
route1_veh9,route1,0,8.1199,83.1661,5889.5268,2.226,3.2096
route1_veh9,route1,20,14.7842,103.1208,7722.9,3.7722,2.2004
route1_veh9,route1,40,13.2409,181.0622,6557.9571,2.4663,2.6704
route1_veh9,route1,60,16.624,90.9218,6332.8949,3.5972,2.801
route1_veh9,route1,80,10.2638,94.3962,7593.6291,3.2791,3.9365
route1_veh9,route1,100,11.2042,154.3824,6747.6536,3.1788,3.2472
route1_veh9,route1,120,14.4296,173.9125,8224.2236,2.7506,3.7754
route1_veh9,route1,140,15.251,151.0559,9538.0966,3.6323,3.0832
route1_veh9,route1,160,11.9116,146.9928,7823.2518,2.9886,1.956
route1_veh9,route1,180,13.0501,152.6635,7578.0934,3.2066,3.892
route1_veh10,route1,0,14.8762,77.2796,7820.5678,2.2366,4.5405
route1_veh10,route1,20,10.4849,124.7433,9635.3114,2.9644,2.8209
route1_veh10,route1,40,13.1193,90.437,5740.2007,3.6763,3.6541
route1_veh10,route1,60,13.6759,104.5951,10355.7366,1.9203,1.8196
route1_veh10,route1,80,8.3945,152.9571,7309.3754,4.1021,3.6098
route1_veh10,route1,100,12.8204,130.4014,7378.0482,4.4673,2.646
route1_veh10,route1,120,13.9485,86.9506,6740.518,1.1043,2.8115
route1_veh10,route1,140,9.2823,110.3989,7658.4121,1.8694,4.7185
route1_veh10,route1,160,11.2491,88.6063,5727.0726,2.6505,5.391
route1_veh10,route1,180,16.2106,135.2542,7449.1579,2.2516,4.0086
route1_veh11,route1,0,15.544,117.3258,10745.0073,2.3202,4.933
route1_veh11,route1,20,10.7554,119.5924,8027.7665,2.478,3.0539
route1_veh11,route1,40,12.2184,114.0098,8238.6724,1.9603,2.9974
route1_veh11,route1,60,8.5508,66.9656,7950.039,4.1712,5.0502
route1_veh11,route1,80,13.5391,63.5965,9498.4115,4.2812,2.8599
route1_veh11,route1,100,11.3601,142.6522,8732.9718,2.6146,4.1181
route1_veh11,route1,120,7.555,137.6978,6795.252,3.2219,3.192
route1_veh11,route1,140,15.2333,92.7332,5119.3776,2.588,4.5724
route1_veh11,route1,160,10.2889,167.6483,8062.7881,3.4173,4.2595
route1_veh11,route1,180,14.5644,114.4566,8662.6606,2.8987,3.4029
route1_veh12,route1,0,14.9297,123.9141,9453.5687,0.1058,5.406
route1_veh12,route1,20,13.6975,77.8375,6555.5597,5.0909,3.0176
route1_veh12,route1,40,18.3069,110.8776,7895.2787,4.0657,4.3146
route1_veh12,route1,60,12.4535,87.2558,7329.9407,3.2304,3.6192
route1_veh12,route1,80,15.1785,75.8616,8148.3475,3.6241,2.9601
route1_veh12,route1,100,8.787,68.2976,9630.8453,2.1405,2.2067
route1_veh12,route1,120,17.0025,146.1015,6737.6812,5.4351,4.1695
route1_veh12,route1,140,7.5779,63.3567,9466.9034,5.5888,4.6421
route1_veh12,route1,160,14.2542,120.1631,7761.1665,2.9568,2.5819
route1_veh12,route1,180,12.7972,154.1882,8641.8796,1.4482,2.258
route1_veh13,route1,0,12.3491,69.9697,6756.2216,3.218,1.6667
route1_veh13,route1,20,11.5946,97.2659,7546.5688,3.5233,3.2791
route1_veh13,route1,40,8.3614,90.5059,6248.3765,3.7835,2.9814
route1_veh13,route1,60,8.1452,123.2064,8668.3529,3.3157,3.0471
route1_veh13,route1,80,10.5401,70.2676,7265.5665,5.5736,2.6173
route1_veh13,route1,100,13.7892,164.4614,6906.3042,2.7305,2.7162
route1_veh13,route1,120,12.5855,64.1085,7891.2159,3.8552,1.2924
route1_veh13,route1,140,16.7663,123.9644,6528.8454,2.9568,3.7065
route1_veh13,route1,160,11.7049,84.2185,6362.0617,4.3612,4.2986
route1_veh13,route1,180,15.6335,116.1146,10499.0877,3.2357,3.5813
route2_veh0,route2,0,5.5612,111.4126,6596.1598,4.7727,3.2334
route2_veh0,route2,20,6.8038,149.716,10583.6552,3.6626,4.5151
route2_veh0,route2,40,8.1964,121.8679,9603.1253,3.9876,5.3376
route2_veh0,route2,60,9.6675,168.9047,9403.9103,2.7527,3.1446
route2_veh0,route2,80,6.6961,167.2547,9394.3967,4.4759,4.3002
route2_veh0,route2,100,9.7003,187.942,9220.4031,5.5495,4.354
route2_veh0,route2,120,5.658,141.8461,9018.299,4.1985,4.3237
route2_veh0,route2,140,1.8806,174.7376,7281.9457,3.7598,2.9846
route2_veh0,route2,160,5.7351,71.661,8995.1083,4.508,2.6066
route2_veh0,route2,180,6.8536,166.3801,9611.3163,3.1149,5.4806
route2_veh1,route2,0,6.7194,204.01,7688.7847,2.2918,5.7442
route2_veh1,route2,20,5.6729,207.2168,10594.8826,3.6461,6.2894
route2_veh1,route2,40,6.9993,131.9776,9992.8017,3.3148,6.247
route2_veh1,route2,60,4.3061,121.0343,11827.0864,3.3624,3.188
route2_veh1,route2,80,8.7786,124.8122,7273.0335,5.4755,3.8374
route2_veh1,route2,100,5.4736,185.6207,9445.2059,4.3337,5.7285
route2_veh1,route2,120,4.8207,91.7057,12668.7882,3.0288,3.9377
route2_veh1,route2,140,6.7539,157.6194,9256.6683,5.7543,4.8193
route2_veh1,route2,160,7.8487,131.9247,8811.6588,4.5798,5.6311
route2_veh1,route2,180,7.996,98.9139,10767.5227,4.2966,5.5643
route2_veh2,route2,0,6.7778,125.1052,9109.7051,4.5372,5.9795
route2_veh2,route2,20,6.5322,149.7543,8259.8918,4.5118,4.0115
route2_veh2,route2,40,10.0297,132.1654,9686.0839,4.8192,2.8343
route2_veh2,route2,60,6.0247,230.2496,8488.7194,4.0888,5.7305
route2_veh2,route2,80,8.551,136.008,8323.6323,4.0718,3.9411
route2_veh2,route2,100,4.5636,146.0131,8440.4,2.1112,4.116
route2_veh2,route2,120,4.9946,210.8264,11287.1735,4.5495,4.0355
route2_veh2,route2,140,5.9927,112.9687,9416.2916,2.2117,4.5449
route2_veh2,route2,160,8.1313,135.3145,7374.2659,1.1055,4.1393
route2_veh2,route2,180,4.9634,155.3228,10465.506,5.3461,4.0531
route2_veh3,route2,0,8.9353,122.1141,11474.3138,3.6792,4.0951
route2_veh3,route2,20,2.1667,173.1515,10341.472,3.8458,4.2822
route2_veh3,route2,40,8.6189,114.4162,9562.776,2.7708,4.5534
route2_veh3,route2,60,5.3747,126.0937,10124.9159,5.1118,3.138
route2_veh3,route2,80,5.1309,150.55,7880.5686,1.0415,4.6307
route2_veh3,route2,100,7.0203,131.8558,8763.8412,5.5715,3.416
route2_veh3,route2,120,7.7222,146.1105,9557.5963,2.5231,5.0638
route2_veh3,route2,140,6.1237,187.9155,9698.6179,2.5544,5.1273
route2_veh3,route2,160,7.0888,172.7763,10379.6253,3.0978,3.531
route2_veh3,route2,180,6.4954,136.3371,8146.3774,4.3953,6.2076
route2_veh4,route2,0,6.9556,166.9163,7541.3677,4.4287,4.1134
route2_veh4,route2,20,7.912,160.4587,9736.0659,3.67,4.6484
route2_veh4,route2,40,9.6099,141.8073,6290.9318,3.5598,5.5433
route2_veh4,route2,60,6.3967,134.4396,8806.7697,3.0566,5.8848
route2_veh4,route2,80,7.8622,152.4069,7811.674,4.3373,3.0172
route2_veh4,route2,100,7.8154,136.6538,10267.6157,2.8347,4.2446
route2_veh4,route2,120,7.636,157.6672,9944.0913,4.5233,4.8472
route2_veh4,route2,140,6.594,123.3187,11823.7636,3.9947,1.9684
route2_veh4,route2,160,7.5459,151.955,10684.8419,3.6425,4.7419
route2_veh4,route2,180,4.9082,190.5176,8586.6429,4.9283,4.4463
route2_veh5,route2,0,8.3124,99.3854,7905.6952,3.0393,5.1393
route2_veh5,route2,20,6.9462,180.561,8334.5463,4.224,5.0984
route2_veh5,route2,40,5.5958,95.6608,10165.7716,5.2856,3.9978
route2_veh5,route2,60,7.1336,104.5838,8969.6007,3.2238,6.3263
route2_veh5,route2,80,5.5298,152.2097,8183.5011,2.6661,3.6647
route2_veh5,route2,100,4.0263,152.6853,7037.0546,4.9708,4.1893
route2_veh5,route2,120,6.4905,137.4465,10168.7655,5.4142,2.4124
route2_veh5,route2,140,6.3319,127.2945,11447.6166,3.8612,5.9548
route2_veh5,route2,160,3.297,106.6135,9427.1345,4.3654,2.6501
route2_veh5,route2,180,5.9392,161.2397,11718.8616,4.7969,3.8353
route2_veh6,route2,0,6.416,154.7667,9090.8166,3.1936,4.2936
route2_veh6,route2,20,8.5768,156.3699,11027.5238,4.2404,3.5112
route2_veh6,route2,40,6.9404,147.8685,9123.9099,2.0387,3.688
route2_veh6,route2,60,8.9711,159.7885,8644.913,5.944,3.0044
route2_veh6,route2,80,7.5858,150.022,9191.5717,4.8702,5.0827
route2_veh6,route2,100,4.9833,133.6072,7857.2056,3.8556,3.7098
route2_veh6,route2,120,5.6023,150.1403,7009.2358,3.2015,5.0206
route2_veh6,route2,140,5.4927,161.9365,8855.8488,4.0447,5.0365
route2_veh6,route2,160,6.6892,195.6228,10223.7771,3.5899,4.864
route2_veh6,route2,180,6.6466,164.1507,7167.3355,2.8679,3.1025
route2_veh7,route2,0,3.4388,138.7998,8049.933,3.403,4.1185
route2_veh7,route2,20,4.9523,163.6021,13189.172,3.1048,1.701
route2_veh7,route2,40,4.5672,164.7496,8956.9041,3.7907,6.7689
route2_veh7,route2,60,8.9965,156.4548,9716.8795,3.6082,4.5198
route2_veh7,route2,80,8.0207,144.5931,11388.5644,3.9561,2.5268
route2_veh7,route2,100,2.8103,241.9356,10022.2774,4.1118,4.2853
route2_veh7,route2,120,6.6137,145.5109,9019.8943,5.1815,4.8279
route2_veh7,route2,140,9.9378,181.9914,8552.5184,4.3925,3.1716
route2_veh7,route2,160,9.2757,163.7062,10934.6042,4.518,3.6736
route2_veh7,route2,180,7.644,179.3444,9676.8995,2.9136,4.0471
route2_veh8,route2,0,3.0913,153.5212,9530.4039,3.2186,4.8146
route2_veh8,route2,20,5.5768,121.6511,10355.1333,4.0221,3.9993
route2_veh8,route2,40,9.6682,113.4402,5015.2854,4.3508,5.9851
route2_veh8,route2,60,8.0728,163.4764,11057.6683,6.523,4.5279
route2_veh8,route2,80,5.9934,156.0584,8278.184,5.164,4.0611
route2_veh8,route2,100,8.6325,120.747,8052.6782,3.6468,2.9135
route2_veh8,route2,120,9.1696,139.8381,9947.2072,4.0326,4.5262
route2_veh8,route2,140,8.9453,192.8956,9323.0973,3.9406,3.5415
route2_veh8,route2,160,7.0466,172.7426,7305.6839,1.5857,3.5636
route2_veh8,route2,180,7.7212,160.7517,10450.812,2.7923,5.085
route2_veh9,route2,0,7.6542,125.1892,8242.7833,5.0668,3.0077
route2_veh9,route2,20,5.6903,144.9466,9596.2432,3.1274,4.9532
route2_veh9,route2,40,6.8053,117.0159,5809.7714,3.7225,6.4524
route2_veh9,route2,60,4.74,187.1338,10653.3248,4.5927,4.6734
route2_veh9,route2,80,6.0691,133.2486,9478.0504,5.7159,2.8356
route2_veh9,route2,100,7.3922,157.7226,9227.4444,5.1536,2.5531
route2_veh9,route2,120,6.6758,201.0151,9431.4693,4.4252,3.0665
route2_veh9,route2,140,4.8507,151.5662,10573.2366,5.2072,5.8737
route2_veh9,route2,160,9.083,147.5337,9133.2265,4.2246,3.2801
route2_veh9,route2,180,11.1472,154.7021,9027.9896,3.7377,3.9994
route2_veh10,route2,0,4.2174,141.3035,8659.8141,4.7359,2.6933
route2_veh10,route2,20,7.6795,147.604,8507.228,4.571,5.9895
route2_veh10,route2,40,9.9557,160.467,9087.2547,4.1176,3.0128
route2_veh10,route2,60,6.0494,149.6153,12459.7431,3.719,3.9593
route2_veh10,route2,80,5.4875,195.8086,12237.2047,3.4315,2.2373
route2_veh10,route2,100,4.4253,180.1332,9544.2479,2.9855,3.7402
route2_veh10,route2,120,9.9263,151.2751,7667.9533,2.7186,4.0696
route2_veh10,route2,140,4.3889,157.7283,10708.5797,3.59,1.5949
route2_veh10,route2,160,7.9709,186.5209,7118.9635,4.3856,3.6304
route2_veh10,route2,180,5.6835,150.1888,8005.2717,2.9001,4.9878
route2_veh11,route2,0,9.2408,117.9824,8872.4044,4.407,4.8256
route2_veh11,route2,20,10.7328,171.552,9447.5385,3.2248,3.2763
route2_veh11,route2,40,8.3637,104.4491,11438.8545,3.0419,3.8168
route2_veh11,route2,60,7.5588,181.2216,8989.4674,6.013,4.5619
route2_veh11,route2,80,5.6332,118.7678,10219.834,4.7545,4.7598
route2_veh11,route2,100,8.4635,176.601,9171.3538,4.0053,2.6565
route2_veh11,route2,120,7.0183,136.1869,11075.6912,4.4624,5.1105
route2_veh11,route2,140,6.0492,124.7497,10391.305,3.5923,5.1793
route2_veh11,route2,160,6.1759,156.0427,6968.472,4.2748,3.2211
route2_veh11,route2,180,5.922,96.8888,7782.1501,5.1123,4.0236
route2_veh12,route2,0,6.1901,110.0093,8858.5075,4.286,3.1076
route2_veh12,route2,20,6.6141,123.7193,10546.5192,4.8962,2.2457
route2_veh12,route2,40,5.2361,114.4875,9716.2917,4.0621,3.5626
route2_veh12,route2,60,10.0883,197.0844,7865.3744,4.9032,5.1732
route2_veh12,route2,80,8.9632,154.5108,10298.5609,4.3126,4.6164
route2_veh12,route2,100,3.8731,161.9047,10111.0975,4.0704,5.5574
route2_veh12,route2,120,6.9171,152.0231,9916.7237,3.6914,4.1542
route2_veh12,route2,140,10.1892,183.953,7327.2216,4.8133,3.7084
route2_veh12,route2,160,5.4837,130.8046,8033.1672,3.15,4.1227
route2_veh12,route2,180,7.9843,174.3182,9429.3152,4.8347,4.663
route2_veh13,route2,0,7.9815,141.4661,11384.7578,6.3519,3.2411
route2_veh13,route2,20,4.2646,168.684,8373.0339,5.4491,6.1792
route2_veh13,route2,40,6.3399,145.3984,9601.5643,2.1449,4.0747
route2_veh13,route2,60,4.423,183.304,9286.9273,3.7706,5.1416
route2_veh13,route2,80,5.0212,123.6141,14141.8525,5.4508,2.9616
route2_veh13,route2,100,6.5411,159.1014,9678.5584,1.7464,4.0027
route2_veh13,route2,120,8.6831,169.2392,10367.6254,4.5358,6.0774
route2_veh13,route2,140,6.0226,141.2175,11441.0614,4.7875,3.0272
route2_veh13,route2,160,5.6322,109.843,8779.6668,3.6393,6.5688
route2_veh13,route2,180,8.9969,215.1465,7266.6321,2.1844,5.9102
route3_veh0,route3,0,13.5012,124.7732,5427.0665,3.1681,2.601
route3_veh0,route3,20,15.2278,93.3135,6938.5898,1.5569,3.1637
route3_veh0,route3,40,16.9316,126.0731,7209.5038,4.8491,3.8312
route3_veh0,route3,60,8.5885,95.8982,5709.343,2.8988,4.4508
route3_veh0,route3,80,15.7839,43.253,5891.6835,3.203,4.657
route3_veh0,route3,100,10.984,67.7647,5695.3872,2.8241,2.6919
route3_veh0,route3,120,15.926,71.6312,6619.4832,2.9269,3.9768
route3_veh0,route3,140,15.1168,119.5632,7105.2081,4.5576,3.8312
route3_veh0,route3,160,13.7656,107.4976,7061.4527,3.3343,5.0739
route3_veh0,route3,180,18.9389,91.0901,5900.9588,2.2479,2.3801
route3_veh1,route3,0,10.1494,139.349,7352.3067,3.9405,2.7873
route3_veh1,route3,20,9.4262,76.5537,7749.3231,2.1124,3.6839
route3_veh1,route3,40,10.7618,115.2093,7225.0656,2.492,2.3593
route3_veh1,route3,60,14.6622,60.6655,6908.7636,2.7336,3.9335
route3_veh1,route3,80,14.5596,109.0534,7156.5993,1.5025,4.1181
route3_veh1,route3,100,9.8828,96.5194,6949.7144,2.8018,3.736
route3_veh1,route3,120,14.8551,135.4299,6948.4976,4.0997,5.4515
route3_veh1,route3,140,12.1797,140.3869,5661.6575,4.5119,3.8765
route3_veh1,route3,160,14.8235,120.8488,6392.6708,3.0792,5.2845
route3_veh1,route3,180,18.4929,104.1125,8146.2532,4.2157,2.6653
route3_veh2,route3,0,19.1565,88.5913,6479.5275,3.2967,4.9034
route3_veh2,route3,20,5.5394,89.1528,6797.4345,1.894,3.8941
route3_veh2,route3,40,12.2727,85.3975,7232.5284,2.2881,2.2115
route3_veh2,route3,60,15.5422,85.3672,6905.2504,3.908,3.1461
route3_veh2,route3,80,12.6803,77.7349,6883.3169,1.5056,2.9156
route3_veh2,route3,100,12.8694,105.3519,7891.9069,2.3403,2.1582
route3_veh2,route3,120,11.0631,103.121,7394.5713,2.4717,2.9504
route3_veh2,route3,140,14.7535,57.0723,6563.1629,3.3158,3.5317
route3_veh2,route3,160,13.6245,76.9069,8131.7544,2.4608,3.3479
route3_veh2,route3,180,13.7493,107.4909,7408.9639,1.089,3.2823
route3_veh3,route3,0,16.3371,100.1962,8138.4389,2.6366,1.7265
route3_veh3,route3,20,17.9299,145.7374,9690.0927,2.7675,3.5452
route3_veh3,route3,40,11.2616,78.2034,5908.5341,2.3857,2.8588
route3_veh3,route3,60,16.8735,89.2912,6057.4893,2.734,4.6726
route3_veh3,route3,80,14.3121,90.8309,5676.7683,2.1816,3.7669
route3_veh3,route3,100,11.8451,72.1886,5595.5214,2.2544,3.5466
route3_veh3,route3,120,4.8902,86.1141,6121.4703,4.4586,2.9924
route3_veh3,route3,140,15.2999,108.2658,7420.0116,6.8454,1.3666
route3_veh3,route3,160,10.9812,112.1695,4771.5882,3.948,3.0017
route3_veh3,route3,180,10.9345,119.5891,7461.7406,4.966,3.2182
route3_veh4,route3,0,10.4305,114.9766,6535.1053,2.8339,3.3071
route3_veh4,route3,20,16.0707,88.0102,5712.4426,3.9204,4.4002
route3_veh4,route3,40,7.995,94.994,8166.882,2.5326,4.1212
route3_veh4,route3,60,13.6332,25.057,6609.2654,1.3127,4.6136
route3_veh4,route3,80,10.0707,145.3735,8114.398,2.6656,4.5091
route3_veh4,route3,100,15.9553,94.516,7199.6777,2.4682,1.5723
route3_veh4,route3,120,16.2376,105.2181,8531.8391,2.0704,3.8764
route3_veh4,route3,140,7.8793,76.38,6835.1975,3.1198,2.3693
route3_veh4,route3,160,17.5962,117.1679,6694.8842,2.9096,2.3646
route3_veh4,route3,180,7.4224,78.8711,6274.0398,4.7546,3.99
route3_veh5,route3,0,12.3954,131.6265,5258.1084,1.586,2.7909
route3_veh5,route3,20,11.8298,115.3568,8704.8161,2.5707,3.0467
route3_veh5,route3,40,13.9131,102.7874,6086.2137,2.9706,0.9266
route3_veh5,route3,60,12.2646,106.5556,5651.6109,2.779,3.9221
route3_veh5,route3,80,16.7064,88.3392,7161.0665,4.0996,2.0385
route3_veh5,route3,100,11.6499,103.863,5226.0022,2.5482,3.624
route3_veh5,route3,120,8.6219,108.2306,9102.2232,2.9885,3.7749
route3_veh5,route3,140,10.3052,143.7892,8185.1008,3.5927,3.5678
route3_veh5,route3,160,12.6053,108.2369,6625.1194,4.3835,1.4281
route3_veh5,route3,180,13.0333,109.7655,5647.0684,4.3118,4.473
route3_veh6,route3,0,17.9598,128.8675,5937.0525,3.3859,2.0858
route3_veh6,route3,20,12.1276,72.6852,7302.4137,3.154,3.2319
route3_veh6,route3,40,11.5561,82.7612,7262.3969,2.7865,3.3128
route3_veh6,route3,60,13.1262,90.7843,6362.3562,2.8739,1.7281
route3_veh6,route3,80,14.3023,94.2696,7983.52,0.9062,3.3795
route3_veh6,route3,100,12.8259,77.2736,7789.6856,2.6966,0.5016
route3_veh6,route3,120,17.1442,106.0702,5880.0286,3.324,2.8791
route3_veh6,route3,140,12.8004,88.609,5728.553,3.6263,2.0929
route3_veh6,route3,160,8.7686,85.9138,8320.3167,3.4456,4.3119
route3_veh6,route3,180,9.4706,123.7546,8050.3062,4.9916,2.9421
route3_veh7,route3,0,14.683,56.0164,6368.4122,3.4401,3.5685
route3_veh7,route3,20,9.9366,84.2023,6022.2848,3.6271,4.4337
route3_veh7,route3,40,14.8966,143.2016,4832.5602,2.5407,2.6671
route3_veh7,route3,60,13.3225,75.6273,5782.3125,4.3192,4.0015
route3_veh7,route3,80,9.5197,140.6903,5161.489,3.1845,4.53
route3_veh7,route3,100,12.7116,175.016,4464.9344,3.972,3.2149
route3_veh7,route3,120,14.6461,109.0835,7767.9729,4.0392,3.8556
route3_veh7,route3,140,16.4915,138.5725,6642.4426,3.1851,2.4934
route3_veh7,route3,160,13.9908,115.5621,6626.5001,2.2187,4.1392
route3_veh7,route3,180,16.6363,102.9552,6835.1998,3.481,2.5173
route3_veh8,route3,0,12.0497,94.2451,5951.9256,2.6805,4.9221
route3_veh8,route3,20,9.5384,69.4791,8988.5415,2.0473,2.1984
route3_veh8,route3,40,16.2455,128.5301,7652.0071,3.3679,5.1786
route3_veh8,route3,60,19.5609,72.7775,6347.6416,3.4506,3.4141
route3_veh8,route3,80,14.3411,79.5117,4806.9565,3.3871,4.3261
route3_veh8,route3,100,15.7612,66.459,8738.2305,3.6035,4.952
route3_veh8,route3,120,14.877,93.5606,5586.6637,4.1735,2.4433
route3_veh8,route3,140,11.4065,92.7319,7644.1134,3.0454,2.8453
route3_veh8,route3,160,9.5049,57.7966,4445.1975,1.6444,2.7623
route3_veh8,route3,180,14.1471,104.4323,6790.0876,1.7481,5.172
route3_veh9,route3,0,15.0758,82.3462,9921.883,3.9967,3.626
route3_veh9,route3,20,15.3314,105.1573,4804.8303,2.278,3.2229
route3_veh9,route3,40,14.5832,142.6893,10171.2653,2.5814,3.8331
route3_veh9,route3,60,13.9458,35.5226,7929.4213,3.1109,3.1511
route3_veh9,route3,80,10.9961,89.7841,9388.0967,2.1735,2.8954
route3_veh9,route3,100,11.2191,95.6082,7463.8543,3.4414,1.5878
route3_veh9,route3,120,14.1302,137.5029,7567.1286,2.9881,5.6077
route3_veh9,route3,140,13.4748,85.5769,6867.0238,4.4362,4.1321
route3_veh9,route3,160,11.5738,67.9886,6576.5986,2.459,0.4872
route3_veh9,route3,180,18.158,148.7512,7053.8821,4.1997,3.5381
route3_veh10,route3,0,11.9704,91.288,7309.1769,2.9959,3.4063
route3_veh10,route3,20,15.8966,46.3412,8105.2249,4.1316,3.1324
route3_veh10,route3,40,17.6582,118.8512,5632.8206,1.3897,2.9986
route3_veh10,route3,60,15.6993,97.4925,6676.4952,2.6804,4.4283
route3_veh10,route3,80,11.4457,67.8229,7348.2875,3.0678,3.6098
route3_veh10,route3,100,14.5283,110.9792,5684.9876,3.3122,4.6016
route3_veh10,route3,120,9.9828,141.5201,5811.718,1.8527,3.2205
route3_veh10,route3,140,12.7327,72.3095,9423.6856,4.6457,4.108
route3_veh10,route3,160,16.2899,73.0295,8834.4086,3.2633,4.1798
route3_veh10,route3,180,13.9788,164.8616,4255.834,3.005,3.8542
route3_veh11,route3,0,6.4543,127.3317,8153.8921,3.0355,3.5391
route3_veh11,route3,20,13.8555,103.265,5061.9561,3.1996,2.5926
route3_veh11,route3,40,19.4592,69.487,6787.1562,1.6109,2.6452
route3_veh11,route3,60,16.7831,113.3481,9904.2406,1.5445,4.7597
route3_veh11,route3,80,13.8827,91.6973,5764.82,2.3625,5.4576
route3_veh11,route3,100,9.1208,88.8761,7150.0297,3.0381,3.0805
route3_veh11,route3,120,10.1263,92.8252,8465.9279,3.9174,2.089
route3_veh11,route3,140,10.9104,116.3632,4824.9241,2.2798,3.9693
route3_veh11,route3,160,12.1891,108.2561,6658.2362,3.4781,2.9196
route3_veh11,route3,180,13.6831,106.1649,7619.0086,2.6832,3.6835
route3_veh12,route3,0,13.2239,47.8773,6979.5035,5.1186,3.066
route3_veh12,route3,20,17.3929,71.5362,7839.9606,3.7388,3.2693
route3_veh12,route3,40,9.6469,120.6951,6535.4684,3.1435,3.3754
route3_veh12,route3,60,13.6906,126.3489,7596.9075,2.2031,6.0274
route3_veh12,route3,80,16.5818,124.7902,7819.8188,2.5841,2.6601
route3_veh12,route3,100,15.8731,135.3726,5698.7802,2.2074,3.4241
route3_veh12,route3,120,13.7,100.9598,4797.4502,1.7467,3.6646
route3_veh12,route3,140,12.6103,96.481,7928.2247,4.883,1.7779
route3_veh12,route3,160,9.21,42.1122,7985.1306,2.2445,1.3758
route3_veh12,route3,180,11.9629,90.6304,6122.5834,1.7019,2.723
route3_veh13,route3,0,10.3326,97.5439,3834.8034,3.3499,4.7086
route3_veh13,route3,20,17.1973,85.8237,5653.7678,1.0415,3.5913
route3_veh13,route3,40,13.8174,99.2468,6898.3974,2.9777,2.6081
route3_veh13,route3,60,10.5539,136.7223,7587.0093,2.3925,4.4288
route3_veh13,route3,80,7.9255,108.0168,4519.0898,1.8645,1.3779
route3_veh13,route3,100,10.1256,69.5885,7305.5563,2.3783,3.6829
route3_veh13,route3,120,14.708,129.394,7828.7441,2.5094,3.708
route3_veh13,route3,140,12.6578,104.4257,5439.4533,2.0265,2.033
route3_veh13,route3,160,12.9507,50.3402,7322.4797,4.0182,2.4015
route3_veh13,route3,180,11.8345,99.9513,6204.2986,1.8028,3.0138
route4_veh0,route4,0,10.1881,103.6553,7849.5816,2.9177,2.6154
route4_veh0,route4,20,17.6783,98.567,5347.9217,2.2362,2.3382
route4_veh0,route4,40,16.8172,79.5498,6466.9979,0.9969,2.4888
route4_veh0,route4,60,12.3873,90.3413,4898.2024,3.1541,2.2231
route4_veh0,route4,80,13.7983,89.9116,6047.6695,1.7993,3.2591
route4_veh0,route4,100,10.7276,57.9993,5459.2358,3.6576,3.925
route4_veh0,route4,120,15.2174,100.5421,4355.9981,1.611,2.8946
route4_veh0,route4,140,16.3039,112.5622,5677.7046,0.6104,2.6054
route4_veh0,route4,160,15.9293,102.8963,5760.3947,2.3757,4.6497
route4_veh0,route4,180,15.3726,75.4096,4797.2999,2.8047,3.876
route4_veh1,route4,0,13.4903,107.6124,7904.9636,2.4311,5.028
route4_veh1,route4,20,16.3471,107.9459,4885.5584,2.6405,3.6492
route4_veh1,route4,40,17.7302,64.293,5961.9097,1.6924,3.2844
route4_veh1,route4,60,15.756,104.5273,6205.1036,1.2786,3.4521
route4_veh1,route4,80,13.5917,89.413,8023.3396,2.7585,2.3088
route4_veh1,route4,100,11.9549,102.3408,7076.4026,0.6028,4.9742
route4_veh1,route4,120,16.1868,100.7029,7257.56,3.9176,3.6293
route4_veh1,route4,140,14.1005,43.0369,7593.3996,1.9734,5.2178
route4_veh1,route4,160,7.6794,98.8451,3980.3569,2.1137,4.6772
route4_veh1,route4,180,9.6662,109.9007,3216.2478,1.8765,2.4097
route4_veh2,route4,0,11.113,98.364,6541.5906,1.9512,2.4296
route4_veh2,route4,20,8.5157,114.0268,5554.0897,2.2129,2.2133
route4_veh2,route4,40,18.6297,119.1777,7607.5035,1.0982,1.8606
route4_veh2,route4,60,13.9288,76.8198,6927.3149,3.2307,1.3564
route4_veh2,route4,80,13.7389,104.4801,5704.2185,2.6173,3.3907
route4_veh2,route4,100,16.619,88.2253,7325.9389,2.7782,1.9539
route4_veh2,route4,120,10.0614,118.7685,7234.9742,1.7867,1.4972
route4_veh2,route4,140,13.2167,89.3189,7138.992,1.8156,4.6681
route4_veh2,route4,160,16.7261,98.1133,8004.1274,2.13,1.9733
route4_veh2,route4,180,15.6462,77.7518,6307.6154,2.5451,1.5151
route4_veh3,route4,0,14.0814,104.3366,6173.0832,3.7072,2.8054
route4_veh3,route4,20,19.321,54.9282,8616.4349,2.2034,2.7812
route4_veh3,route4,40,16.5959,97.6107,6572.794,1.4364,2.1606
route4_veh3,route4,60,17.4486,126.855,6516.9861,1.9869,2.8501
route4_veh3,route4,80,15.3877,103.5848,4643.7061,-0.0002,3.2505
route4_veh3,route4,100,14.5383,77.113,7575.8301,2.3313,3.3783
route4_veh3,route4,120,13.696,48.4221,6018.9307,3.3651,2.5984
route4_veh3,route4,140,12.77,72.61,6186.2803,2.8848,2.8933
route4_veh3,route4,160,14.7486,81.023,5452.4182,1.9992,2.6544
route4_veh3,route4,180,15.0404,107.3125,8398.3981,0.0698,0.629
route4_veh4,route4,0,5.0799,109.5886,6594.3181,1.4254,2.0364
route4_veh4,route4,20,15.4618,23.9775,5475.998,1.333,2.7166
route4_veh4,route4,40,14.3493,107.504,8891.8355,1.9749,3.3323
route4_veh4,route4,60,14.2895,116.7315,4842.4386,2.9745,4.904
route4_veh4,route4,80,12.079,104.524,4786.814,1.3427,4.4917
route4_veh4,route4,100,12.1545,108.4908,6845.6227,0.973,3.0745
route4_veh4,route4,120,14.4328,66.9379,6673.5951,3.4026,2.2419
route4_veh4,route4,140,15.6674,83.7762,6397.3166,2.9144,3.2216
route4_veh4,route4,160,13.8105,81.1746,4962.8303,1.3931,0.9638
route4_veh4,route4,180,21.1914,56.5045,7720.2496,3.369,2.1948
route4_veh5,route4,0,14.7641,82.2069,4723.2534,2.2233,4.2233
route4_veh5,route4,20,13.019,61.154,5393.86,3.2036,1.7011
route4_veh5,route4,40,13.2942,79.2523,6598.6954,0.7283,3.5703
route4_veh5,route4,60,14.7208,85.6019,6360.2815,2.3539,4.0394
route4_veh5,route4,80,18.8771,87.2935,7477.258,1.2771,3.7046
route4_veh5,route4,100,7.7263,87.8441,7848.7942,2.6119,4.9368
route4_veh5,route4,120,11.1994,83.9477,4167.1158,2.6202,2.8008
route4_veh5,route4,140,14.3997,82.4759,6976.7882,3.1936,3.374
route4_veh5,route4,160,12.9625,94.8093,5931.1552,2.7269,1.2232
route4_veh5,route4,180,6.9549,143.9778,6662.7851,1.7346,3.1948
route4_veh6,route4,0,12.5441,87.2491,5679.4827,1.076,3.1275
route4_veh6,route4,20,16.2326,60.535,5276.2445,1.5778,4.1013
route4_veh6,route4,40,15.3902,122.6449,5321.2362,2.8886,3.0178
route4_veh6,route4,60,11.9217,94.9767,5527.7444,0.0019,3.2794
route4_veh6,route4,80,12.7058,39.1438,8271.1467,1.3878,4.1666
route4_veh6,route4,100,14.0971,81.3506,4358.2652,0.2768,3.0488
route4_veh6,route4,120,12.5165,107.7732,4627.1127,2.6279,3.595
route4_veh6,route4,140,11.5317,96.1203,7071.2651,3.9189,2.5091
route4_veh6,route4,160,17.5715,103.5702,5006.7029,1.1895,1.4136
route4_veh6,route4,180,16.3398,125.471,5899.7833,1.332,3.9702
route4_veh7,route4,0,14.6784,126.7562,8044.8745,2.8236,3.8545
route4_veh7,route4,20,9.9291,120.08,5326.9065,2.8065,2.1107
route4_veh7,route4,40,15.6747,80.8167,7312.6971,2.4781,3.5004
route4_veh7,route4,60,11.2866,120.6874,3797.1586,1.3057,2.1313
route4_veh7,route4,80,15.6818,100.6176,7705.3177,2.424,1.8888
route4_veh7,route4,100,13.8143,70.5565,5810.0434,2.756,3.2897
route4_veh7,route4,120,12.174,117.22,6935.9252,4.5629,4.224
route4_veh7,route4,140,14.6884,122.0033,7308.995,1.5953,3.5831
route4_veh7,route4,160,11.217,142.6474,4370.1505,1.9443,3.5051
route4_veh7,route4,180,17.4132,115.6845,7397.3543,1.5719,2.8641
route4_veh8,route4,0,10.6005,136.7716,5238.7003,2.6364,3.801
route4_veh8,route4,20,18.0453,94.0413,5690.639,2.193,3.7884
route4_veh8,route4,40,10.7505,138.123,5831.9457,3.1508,3.3278
route4_veh8,route4,60,16.8461,117.6455,5724.861,1.4308,2.38
route4_veh8,route4,80,12.6167,128.983,7141.7439,3.8085,2.8631
route4_veh8,route4,100,13.002,109.247,7184.4348,1.6432,3.0894
route4_veh8,route4,120,19.09,82.2708,6736.4599,2.2871,4.3108
route4_veh8,route4,140,11.1993,108.2249,6996.8024,3.6321,2.3927
route4_veh8,route4,160,15.1179,115.4681,5675.8549,-0.0002,3.5694
route4_veh8,route4,180,16.2249,96.6796,5989.599,3.7866,3.6521
route4_veh9,route4,0,13.3005,109.0466,6796.4791,3.1429,3.6171
route4_veh9,route4,20,18.4146,87.315,6050.1236,2.0399,3.7543
route4_veh9,route4,40,16.3875,52.4623,6893.9386,1.4417,3.9669
route4_veh9,route4,60,13.3363,79.1681,8161.1215,1.7951,2.0289
route4_veh9,route4,80,13.4435,100.9118,7662.335,3.0963,2.8792
route4_veh9,route4,100,10.6458,57.8344,7319.6311,3.1167,3.5443
route4_veh9,route4,120,12.3416,110.9147,7484.95,2.9963,3.1293
route4_veh9,route4,140,16.6692,94.3824,7542.107,2.9442,3.0204
route4_veh9,route4,160,19.5194,96.027,5104.7529,2.4484,2.0915
route4_veh9,route4,180,11.5959,95.1438,4655.0705,3.1106,3.5984
route4_veh10,route4,0,13.885,68.1909,5404.9007,2.5121,4.183
route4_veh10,route4,20,12.55,106.3834,4498.4466,3.7168,2.3664
route4_veh10,route4,40,10.8554,103.1301,5167.1992,2.1758,3.934
route4_veh10,route4,60,16.3944,97.7388,3786.1642,3.2823,2.9369
route4_veh10,route4,80,9.3309,67.6165,9205.263,2.1532,3.7438
route4_veh10,route4,100,14.1871,99.9189,6376.2804,1.277,3.7067
route4_veh10,route4,120,9.5215,79.3619,6076.9302,0.8872,2.3348
route4_veh10,route4,140,16.0865,49.0679,7229.5656,1.6745,3.2652
route4_veh10,route4,160,13.3664,87.221,5241.2033,2.4435,2.9324
route4_veh10,route4,180,16.1349,66.2561,7080.0026,3.0781,1.1093
route4_veh11,route4,0,11.4685,99.602,7512.4298,2.3624,4.1735
route4_veh11,route4,20,12.534,106.0966,3381.7651,4.9691,3.4969
route4_veh11,route4,40,17.0126,119.0027,6858.0441,2.3213,2.5955
route4_veh11,route4,60,14.3135,94.7252,6410.3732,2.0471,6.0573
route4_veh11,route4,80,9.5821,108.8797,5623.5816,3.5558,4.1277
route4_veh11,route4,100,15.0165,81.087,5682.6611,4.0214,3.1409
route4_veh11,route4,120,11.8861,97.4821,5225.4352,2.433,1.3036
route4_veh11,route4,140,10.8982,84.8598,7449.137,3.4984,2.4291
route4_veh11,route4,160,12.5911,125.5884,7423.9226,2.6097,1.7147
route4_veh11,route4,180,18.7704,103.6608,7157.4173,3.8161,3.4303
route4_veh12,route4,0,17.6609,40.6593,8431.7292,3.5698,2.4821
route4_veh12,route4,20,14.237,125.1717,7768.1597,1.0987,3.56
route4_veh12,route4,40,11.4621,58.8986,5987.8844,2.9963,3.0145
route4_veh12,route4,60,13.1574,124.0908,6575.3121,2.9444,2.6975
route4_veh12,route4,80,12.5081,87.3184,5274.1261,3.65,2.6879
route4_veh12,route4,100,9.6587,60.3396,7983.7515,2.7256,3.3709
route4_veh12,route4,120,15.8357,134.4783,6213.0222,2.5614,3.1528
route4_veh12,route4,140,13.9906,106.5434,5768.0867,2.4904,3.6096
route4_veh12,route4,160,8.787,86.6162,7410.5778,1.2214,4.0196
route4_veh12,route4,180,19.2845,117.1888,6483.0209,2.268,2.9689
route4_veh13,route4,0,14.1642,107.6265,6722.2021,1.7729,2.9026
route4_veh13,route4,20,18.0783,97.4902,4949.0949,3.649,3.7708
route4_veh13,route4,40,21.9521,76.9266,8500.397,2.8258,3.473
route4_veh13,route4,60,7.9933,97.9182,7731.6231,2.2453,3.7713
route4_veh13,route4,80,10.7343,67.2236,7501.6597,2.642,2.8577
route4_veh13,route4,100,16.2715,90.951,6589.6834,4.0612,2.9813
route4_veh13,route4,120,15.9681,55.3842,7063.399,2.6415,2.9545
route4_veh13,route4,140,14.1198,72.0745,7490.7607,5.0076,2.9887
route4_veh13,route4,160,8.4248,76.0295,4832.2208,4.3431,2.9269
route4_veh13,route4,180,11.2805,96.1797,7844.8542,2.9647,3.273
