time_step,vehicle_id,route_id,speed,co_emission,co2_emission,nox_emission,fuel_consumption,noise,pos_x,pos_y,lane_id,waiting_time,acceleration
0,route1_veh0,route1,13.49,105.852,8471.533,4.523,3.066,51.452,866.176,601.115,route1_lane0,14.161,-0.234
20,route1_veh0,route1,10.592,126.277,6804.873,2.534,3.542,60.799,291.229,611.853,route1_lane0,2.79,-1.913
40,route1_veh0,route1,9.276,67.631,9698.473,2.774,3.368,64.81,46.45,607.545,route1_lane0,3.41,-1.425
60,route1_veh0,route1,10.198,101.249,6597.44,4.852,3.287,50.86,909.32,258.78,route1_lane0,13.25,-1.058
80,route1_veh0,route1,12.627,51.21,5507.721,3.197,4.038,52.212,195.983,45.227,route1_lane0,6.507,0.171
100,route1_veh0,route1,7.564,88.405,6809.042,4.057,3.644,53.523,802.197,74.551,route1_lane0,19.738,-1.763
120,route1_veh0,route1,9.969,128.35,9046.499,3.931,2.461,71.578,623.298,330.898,route1_lane0,1.271,-0.309
140,route1_veh0,route1,8.681,74.114,8718.789,4.356,3.228,52.99,713.245,760.785,route1_lane0,11.226,1.004
160,route1_veh0,route1,11.893,156.939,3570.382,3.822,3.387,57.859,508.571,907.566,route1_lane0,4.986,-0.299
180,route1_veh0,route1,16.434,94.452,6287.26,2.498,4.215,70.092,186.57,892.559,route1_lane0,10.787,0.329
0,route1_veh1,route1,9.894,100.17,6911.838,1.536,3.596,50.174,510.747,417.411,route1_lane0,4.442,0.261
20,route1_veh1,route1,10.972,85.932,7258.071,3.404,5.186,59.091,971.782,962.447,route1_lane0,5.036,0.175
40,route1_veh1,route1,6.244,109.205,7590.345,5.463,3.108,53.622,489.453,985.65,route1_lane0,4.841,0.302
60,route1_veh1,route1,15.428,132.558,8686.548,2.091,4.703,65.838,535.775,90.29,route1_lane0,16.706,-1.402
80,route1_veh1,route1,9.028,93.011,7649.477,2.497,1.749,66.129,174.366,690.938,route1_lane0,7.735,0.069
100,route1_veh1,route1,9.65,100.338,8720.276,1.769,3.527,63.241,241.852,93.103,route1_lane0,17.944,1.307
120,route1_veh1,route1,12.78,133.455,5644.574,1.68,3.822,72.177,779.876,642.032,route1_lane0,1.683,0.297
140,route1_veh1,route1,12.879,88.569,10298.662,3.474,2.109,67.804,237.249,325.4,route1_lane0,14.93,0.657
160,route1_veh1,route1,14.89,122.383,8733.09,4.897,3.055,56.63,243.99,973.011,route1_lane0,7.862,-0.754
180,route1_veh1,route1,12.83,134.815,7519.503,4.454,3.035,54.881,722.452,280.772,route1_lane0,0.486,2.72
0,route1_veh2,route1,8.787,124.474,7164.806,3.714,3.773,74.09,853.009,294.449,route1_lane0,7.702,-0.073
20,route1_veh2,route1,10.66,135.692,7821.141,1.754,3.473,64.252,97.176,615.007,route1_lane0,19.801,0.385
40,route1_veh2,route1,12.175,75.711,8036.681,3.561,4.383,58.987,293.592,809.361,route1_lane0,16.202,1.054
60,route1_veh2,route1,13.545,225.582,8356.336,4.136,4.254,72.25,337.995,375.583,route1_lane0,1.88,0.651
80,route1_veh2,route1,10.544,112.456,10971.988,1.133,3.986,50.763,37.348,822.601,route1_lane0,7.204,-1.613
100,route1_veh2,route1,12.193,77.668,6427.044,3.68,2.57,51.292,531.355,540.635,route1_lane0,12.749,0.216
120,route1_veh2,route1,5.925,115.594,6507.32,3.852,2.507,50.634,962.648,835.98,route1_lane0,13.919,-0.115
140,route1_veh2,route1,8.399,99.965,6787.582,2.347,5.065,66.505,279.934,954.865,route1_lane0,14.758,0.405
160,route1_veh2,route1,18.366,140.974,5220.945,2.516,4.567,50.36,116.073,46.003,route1_lane0,0.815,-0.708
180,route1_veh2,route1,13.331,133.239,6109.604,2.94,0.059,54.33,433.852,398.505,route1_lane0,12.317,-1.024
0,route1_veh3,route1,10.68,113.922,9661.91,1.564,4.463,66.467,162.934,70.569,route1_lane0,12.848,0.01
20,route1_veh3,route1,12.209,98.441,7670.276,3.662,4.886,61.456,545.617,941.465,route1_lane0,7.722,-1.238
40,route1_veh3,route1,12.843,91.319,7187.817,2.507,2.711,52.954,696.737,628.943,route1_lane0,17.549,0.85
60,route1_veh3,route1,14.439,128.889,6256.507,2.44,4.047,74.763,412.618,372.018,route1_lane0,15.528,0.61
80,route1_veh3,route1,13.641,103.934,7173.478,4.099,4.125,52.578,902.553,505.252,route1_lane0,16.529,0.814
100,route1_veh3,route1,14.046,100.692,7986.25,2.87,3.397,65.796,448.446,293.211,route1_lane0,6.573,0.595
120,route1_veh3,route1,15.474,133.75,8436.18,3.628,3.288,51.439,549.529,441.531,route1_lane0,17.754,-0.897
140,route1_veh3,route1,9.524,100.358,8119.397,2.436,2.478,52.103,700.969,72.763,route1_lane0,16.437,0.244
160,route1_veh3,route1,10.587,116.961,5327.873,1.593,2.582,69.429,558.404,424.222,route1_lane0,18.127,-0.213
180,route1_veh3,route1,11.943,79.924,7472.23,2.711,3.623,68.651,583.369,962.173,route1_lane0,7.497,-0.827
0,route1_veh4,route1,14.07,97.963,7836.139,3.013,3.398,74.233,523.098,629.399,route1_lane0,13.915,-0.773
20,route1_veh4,route1,18.46,86.98,8808.481,3.183,5.49,56.935,188.121,463.698,route1_lane0,7.067,-0.808
40,route1_veh4,route1,9.723,114.512,8012.634,4.876,4.25,67.118,162.617,910.927,route1_lane0,16.451,-0.577
60,route1_veh4,route1,8.039,164.944,9269.16,2.531,1.587,74.248,842.119,838.329,route1_lane0,9.374,1.354
80,route1_veh4,route1,7.217,92.019,7507.866,3.047,2.85,61.264,129.159,954.051,route1_lane0,12.123,0.623
100,route1_veh4,route1,14.135,76.261,5198.829,4.278,3.632,63.008,772.318,520.164,route1_lane0,17.044,-0.748
120,route1_veh4,route1,18.182,162.66,7126.554,3.972,3.945,67.602,212.964,136.371,route1_lane0,0.291,1.369
140,route1_veh4,route1,15.175,57.238,5725.112,0.961,3.031,62.85,783.653,396.543,route1_lane0,12.442,0.718
160,route1_veh4,route1,6.89,108.334,8076.098,2.967,1.233,65.835,240.146,75.863,route1_lane0,2.578,-0.089
180,route1_veh4,route1,13.1,81.804,6729.2,1.941,3.237,66.689,172.32,192.289,route1_lane0,0.817,0.955
0,route1_veh5,route1,10.409,86.214,7339.454,1.965,2.746,62.585,690.395,39.312,route1_lane0,15.988,-1.198
20,route1_veh5,route1,9.901,116.419,7331.508,2.779,3.914,54.613,209.349,370.472,route1_lane0,9.69,0.758
40,route1_veh5,route1,7.454,151.006,9967.452,2.751,3.877,62.792,532.113,107.172,route1_lane0,8.948,0.311
60,route1_veh5,route1,7.181,116.104,6365.474,1.578,2.653,52.994,890.527,593.592,route1_lane0,13.582,-1.082
80,route1_veh5,route1,11.976,154.398,7616.052,2.139,4.823,60.791,127.58,283.776,route1_lane0,7.262,0.539
100,route1_veh5,route1,14.779,167.282,5402.149,3.563,2.649,54.664,285.095,173.374,route1_lane0,17.935,-0.487
120,route1_veh5,route1,12.146,85.071,7905.685,2.95,3.061,74.237,865.507,817.072,route1_lane0,5.158,-0.908
140,route1_veh5,route1,13.503,80.673,7648.998,3.751,1.631,69.237,187.044,323.679,route1_lane0,8.509,0.543
160,route1_veh5,route1,7.117,111.443,7889.584,2.096,3.939,53.859,481.14,532.589,route1_lane0,1.036,-1.662
180,route1_veh5,route1,9.419,98.463,9009.439,2.423,4.136,69.006,595.639,471.576,route1_lane0,8.237,-1.13
0,route1_veh6,route1,13.731,103.909,8056.719,2.396,3.387,64.362,841.829,139.772,route1_lane0,15.905,-0.156
20,route1_veh6,route1,10.537,97.023,8091.678,2.579,3.59,58.971,877.201,392.445,route1_lane0,16.332,2.075
40,route1_veh6,route1,5.886,79.757,4693.812,2.648,3.318,55.805,899.575,383.891,route1_lane0,10.871,1.676
60,route1_veh6,route1,12.707,133.126,5282.121,4.144,3.638,65.502,533.461,893.893,route1_lane0,15.772,-0.415
80,route1_veh6,route1,10.622,84.505,8745.504,2.144,3.372,69.061,876.766,342.082,route1_lane0,16.425,-0.478
100,route1_veh6,route1,11.19,80.637,6833.56,3.377,4.057,68.001,641.148,693.948,route1_lane0,10.854,-0.922
120,route1_veh6,route1,9.679,72.66,4831.92,4.496,3.954,53.834,586.23,505.889,route1_lane0,12.229,-0.056
140,route1_veh6,route1,12.328,131.773,8221.514,3.224,2.51,64.407,606.715,424.131,route1_lane0,14.729,0.471
160,route1_veh6,route1,9.031,106.226,7583.587,4.094,1.608,51.369,335.197,802.853,route1_lane0,0.093,1.53
180,route1_veh6,route1,8.964,60.354,8734.756,3.073,2.01,68.438,452.218,224.605,route1_lane0,9.049,-1.295
0,route1_veh7,route1,11.263,101.818,3454.67,2.946,3.069,64.515,632.264,13.094,route1_lane0,13.271,0.696
20,route1_veh7,route1,11.193,76.804,11360.04,3.059,3.314,55.248,898.054,205.14,route1_lane0,3.814,-0.024
40,route1_veh7,route1,11.902,93.697,6430.731,3.106,3.045,63.11,440.763,400.763,route1_lane0,11.193,1.504
60,route1_veh7,route1,10.972,98.857,5388.732,2.222,2.189,50.635,156.153,715.972,route1_lane0,13.178,1.752
80,route1_veh7,route1,14.165,76.128,6713.22,3.489,2.078,52.486,243.172,722.267,route1_lane0,17.114,0.713
100,route1_veh7,route1,10.917,144.78,5878.405,3.616,3.893,50.325,85.509,207.886,route1_lane0,0.531,-0.31
120,route1_veh7,route1,12.978,72.467,8886.041,2.815,2.777,56.486,379.692,590.295,route1_lane0,5.361,1.049
140,route1_veh7,route1,8.159,162.644,4377.106,4.696,3.511,69.09,140.113,868.468,route1_lane0,9.749,-0.097
160,route1_veh7,route1,12.343,114.509,6954.582,2.943,3.608,65.837,257.888,139.356,route1_lane0,16.699,-1.71
180,route1_veh7,route1,12.055,120.427,6690.36,2.222,3.496,56.851,554.178,651.42,route1_lane0,16.595,-0.978
0,route1_veh8,route1,12.768,139.481,9998.212,4.014,1.459,62.973,46.966,166.283,route1_lane0,14.761,-1.28
20,route1_veh8,route1,12.56,87.339,6582.723,1.593,2.377,67.976,297.122,566.405,route1_lane0,9.521,-1.352
40,route1_veh8,route1,13.48,115.545,6212.463,3.7,2.724,62.409,596.843,334.244,route1_lane0,15.418,0.122
60,route1_veh8,route1,11.895,163.124,6559.549,4.812,4.008,69.985,694.696,272.145,route1_lane0,11.805,-0.562
80,route1_veh8,route1,9.819,102.574,7388.35,3.621,3.478,71.824,732.225,806.561,route1_lane0,13.176,-1.335
100,route1_veh8,route1,14.502,123.775,7394.751,1.339,3.73,54.514,567.945,915.488,route1_lane0,0.679,0.208
120,route1_veh8,route1,8.757,141.595,7440.667,3.682,3.328,57.978,828.915,37.008,route1_lane0,11.925,0.03
140,route1_veh8,route1,10.697,100.725,7833.201,2.521,4.556,51.634,315.29,539.491,route1_lane0,15.814,-0.895
160,route1_veh8,route1,15.096,65.433,7900.575,3.89,3.382,73.477,798.783,997.934,route1_lane0,7.014,1.065
180,route1_veh8,route1,10.448,152.28,10948.347,2.637,2.854,60.534,737.582,238.777,route1_lane0,2.209,1.453
0,route1_veh9,route1,7.967,82.44,5993.789,2.232,3.265,59.608,679.647,218.254,route1_lane0,18.999,0.234
20,route1_veh9,route1,14.953,103.58,7425.804,3.675,2.177,74.779,231.672,942.732,route1_lane0,12.993,0.382
40,route1_veh9,route1,12.868,183.659,6543.39,2.469,2.677,69.49,350.125,57.843,route1_lane0,19.382,-0.555
60,route1_veh9,route1,16.262,92.878,6251.467,3.471,2.748,55.595,536.974,592.94,route1_lane0,11.602,0.633
80,route1_veh9,route1,10.162,98.369,7928.798,3.334,3.959,52.175,408.453,372.689,route1_lane0,5.195,2.01
100,route1_veh9,route1,11.901,163.837,6723.583,3.224,3.284,62.015,592.408,824.681,route1_lane0,6.956,1.188
120,route1_veh9,route1,14.046,165.401,8375.892,2.641,3.891,71.265,867.294,708.363,route1_lane0,16.74,1.109
140,route1_veh9,route1,15.2,145.079,9573.238,3.649,3.133,58.378,743.508,160.76,route1_lane0,16.359,0.147
160,route1_veh9,route1,12.086,148.354,7786.649,3.046,1.94,65.85,539.985,779.845,route1_lane0,2.14,0.746
180,route1_veh9,route1,12.748,157.324,7357.057,3.279,3.908,52.563,937.228,687.886,route1_lane0,1.357,0.187
0,route1_veh10,route1,15.221,79.205,7699.455,2.3,4.495,51.144,871.537,973.489,route1_lane0,19.378,-1.523
20,route1_veh10,route1,10.323,121.316,9848.286,2.934,2.745,56.841,997.125,426.181,route1_lane0,9.028,1.881
40,route1_veh10,route1,13.32,94.938,5968.151,3.708,3.544,66.363,273.26,950.864,route1_lane0,3.021,-0.564
60,route1_veh10,route1,13.951,107.025,10269.955,1.93,1.774,74.599,409.334,894.099,route1_lane0,4.599,-0.692
80,route1_veh10,route1,8.245,153.313,7376.773,4.117,3.643,69.273,844.783,761.024,route1_lane0,12.524,0.457
100,route1_veh10,route1,12.59,131.27,7365.396,4.44,2.624,55.013,491.595,64.209,route1_lane0,11.639,1.801
120,route1_veh10,route1,14.522,90.421,6830.725,1.11,2.848,65.001,291.663,694.982,route1_lane0,17.202,-2.424
140,route1_veh10,route1,9.099,108.569,7494.596,1.842,4.803,63.991,9.771,326.461,route1_lane0,10.354,0.877
160,route1_veh10,route1,11.258,89.54,5997.57,2.719,5.098,70.015,200.15,167.483,route1_lane0,2.091,0.641
180,route1_veh10,route1,16.198,137.739,7589.446,2.353,3.998,67.852,801.728,339.45,route1_lane0,16.297,0.393
0,route1_veh11,route1,15.952,115.928,10612.891,2.311,5.036,52.041,60.352,247.103,route1_lane0,3.191,0.198
20,route1_veh11,route1,11.039,122.725,8284.253,2.426,3.276,63.884,719.202,228.455,route1_lane0,19.927,2.142
40,route1_veh11,route1,12.114,113.601,8420.277,1.977,3.043,71.707,727.169,742.707,route1_lane0,8.51,-1.669
60,route1_veh11,route1,8.323,66.069,7836.678,4.047,4.984,62.167,873.423,900.702,route1_lane0,8.434,-0.459
80,route1_veh11,route1,13.957,62.708,9714.811,4.38,2.674,67.896,909.033,179.683,route1_lane0,4.751,0.396
100,route1_veh11,route1,11.923,145.182,8315.4,2.629,4.072,58.981,592.951,163.524,route1_lane0,7.822,-2.849
120,route1_veh11,route1,8.116,144.825,6798.448,3.347,3.253,55.901,73.497,169.758,route1_lane0,10.395,0.477
140,route1_veh11,route1,14.989,95.187,5165.127,2.572,4.801,54.176,167.619,36.671,route1_lane0,14.728,0.85
160,route1_veh11,route1,11.035,172.302,8072.903,3.43,4.33,55.146,111.92,269.75,route1_lane0,1.142,0.239
180,route1_veh11,route1,14.183,111.558,8598.96,2.919,3.379,51.039,148.343,986.63,route1_lane0,19.302,-1.998
0,route1_veh12,route1,14.749,120.395,8997.015,0.104,5.388,53.491,29.974,307.93,route1_lane0,14.094,-0.14
20,route1_veh12,route1,13.838,78.398,6564.347,4.914,3.109,67.316,838.115,944.614,route1_lane0,13.665,0.217
40,route1_veh12,route1,19.21,108.271,7801.649,4.051,4.406,55.392,658.885,393.864,route1_lane0,13.025,1.187
60,route1_veh12,route1,12.908,87.372,7403.792,3.329,3.621,64.175,738.449,878.516,route1_lane0,8.083,0.422
80,route1_veh12,route1,15.568,73.172,8396.1,3.701,3.002,70.446,120.209,544.489,route1_lane0,0.115,1.376
100,route1_veh12,route1,8.711,66.798,9891.758,2.153,2.309,55.939,373.252,227.27,route1_lane0,1.464,-2.153
120,route1_veh12,route1,16.926,140.295,6467.774,5.252,4.282,62.977,479.182,25.642,route1_lane0,6.825,-0.325
140,route1_veh12,route1,7.831,60.638,9033.856,5.44,4.684,70.325,718.123,955.524,route1_lane0,0.365,0.564
160,route1_veh12,route1,14.277,118.436,7656.302,2.937,2.546,62.147,256.777,284.873,route1_lane0,6.146,-0.281
180,route1_veh12,route1,12.54,151.76,8877.475,1.429,2.31,60.339,121.886,181.149,route1_lane0,13.622,0.941
0,route1_veh13,route1,12.316,69.979,6597.949,3.32,1.707,74.073,483.546,805.993,route1_lane0,11.005,0.44
20,route1_veh13,route1,12.376,97.118,7683.446,3.543,3.349,55.702,212.045,610.981,route1_lane0,8.221,0.041
40,route1_veh13,route1,8.268,89.213,6422.389,3.895,3.005,66.689,95.535,623.859,route1_lane0,9.035,1.248
60,route1_veh13,route1,8.437,119.295,8450.665,3.414,3.115,50.591,641.972,607.094,route1_lane0,10.934,-0.13
80,route1_veh13,route1,10.328,68.906,7367.577,5.58,2.496,60.705,717.598,692.436,route1_lane0,19.825,1.639
100,route1_veh13,route1,13.707,158.852,6931.308,2.796,2.718,55.666,354.996,69.424,route1_lane0,10.381,-1.015
120,route1_veh13,route1,12.701,63.323,7996.32,3.834,1.306,58.325,669.487,994.139,route1_lane0,13.237,0.374
140,route1_veh13,route1,17.018,122.571,6442.482,2.944,3.858,54.383,690.005,200.934,route1_lane0,10.717,0.076
160,route1_veh13,route1,11.666,82.883,6396.705,4.236,4.391,73.179,234.642,399.316,route1_lane0,3.048,0.609
180,route1_veh13,route1,15.639,114.252,10978.994,3.393,3.492,53.193,826.068,782.028,route1_lane0,14.175,-0.309
0,route2_veh0,route2,5.428,110.063,6745.692,4.508,3.097,65.015,515.679,919.392,route2_lane0,9.939,-2.153
20,route2_veh0,route2,7.164,147.033,10878.615,3.71,4.467,69.751,304.679,80.919,route2_lane0,8.06,0.322
40,route2_veh0,route2,8.073,123.046,9542.272,3.991,5.286,53.313,862.014,922.757,route2_lane0,9.741,0.475
60,route2_veh0,route2,9.78,166.734,9515.529,2.688,3.135,59.188,68.172,25.812,route2_lane0,2.703,-0.305
80,route2_veh0,route2,7.113,165.891,9394.252,4.487,4.264,60.988,105.665,640.826,route2_lane0,4.321,-1.975
100,route2_veh0,route2,10.062,186.563,9179.836,5.491,4.349,74.592,239.18,142.249,route2_lane0,2.428,-0.337
120,route2_veh0,route2,5.773,140.926,8917.735,4.17,4.361,70.349,615.219,306.254,route2_lane0,12.478,0.003
140,route2_veh0,route2,1.892,178.03,7449.682,3.775,3.03,70.688,733.614,769.305,route2_lane0,0.221,-1.802
160,route2_veh0,route2,5.847,72.269,8680.633,4.392,2.721,50.303,241.201,975.874,route2_lane0,16.031,0.183
180,route2_veh0,route2,6.969,167.379,9679.371,3.027,5.397,52.452,488.241,150.049,route2_lane0,6.494,-0.159
0,route2_veh1,route2,6.654,201.351,7442.148,2.386,5.671,72.302,955.335,786.903,route2_lane0,6.308,-0.209
20,route2_veh1,route2,5.789,204.78,10516.889,3.512,6.357,66.484,895.118,636.67,route2_lane0,12.279,-0.606
40,route2_veh1,route2,7.064,127.397,10189.958,3.322,6.213,51.042,84.792,716.323,route2_lane0,1.442,0.137
60,route2_veh1,route2,4.306,120.852,11300.621,3.343,3.153,54.353,98.396,660.303,route2_lane0,15.287,0.537
80,route2_veh1,route2,8.992,127.296,7367.284,5.501,3.877,65.375,774.634,643.904,route2_lane0,10.606,-0.251
100,route2_veh1,route2,5.713,177.835,9585.52,4.269,5.728,70.294,656.479,128.096,route2_lane0,6.765,0.508
120,route2_veh1,route2,4.91,91.009,12584.311,2.897,3.979,72.173,645.811,285.907,route2_lane0,16.319,-0.277
140,route2_veh1,route2,6.666,158.477,9126.963,5.607,4.691,69.411,656.162,177.429,route2_lane0,10.901,0.735
160,route2_veh1,route2,7.799,130.459,8707.075,4.586,5.438,68.32,542.237,590.348,route2_lane0,10.167,0.021
180,route2_veh1,route2,8.131,97.177,10630.012,4.381,5.49,54.002,461.557,9.332,route2_lane0,4.934,0.673
0,route2_veh2,route2,6.582,124.484,8629.215,4.589,5.87,65.4,188.025,355.385,route2_lane0,15.676,0.395
20,route2_veh2,route2,6.732,150.441,8322.653,4.648,4.079,58.173,148.888,305.604,route2_lane0,17.533,0.42
40,route2_veh2,route2,10.454,138.011,9837.027,4.933,2.782,67.39,3.218,619.589,route2_lane0,7.11,-1.761
60,route2_veh2,route2,5.896,226.746,8653.629,4.185,5.742,64.017,603.488,676.468,route2_lane0,16.1,2.006
80,route2_veh2,route2,8.557,133.464,8272.702,3.997,4.03,69.622,707.681,788.615,route2_lane0,10.345,-0.453
100,route2_veh2,route2,4.717,144.19,8424.767,2.133,4.117,64.956,735.663,998.348,route2_lane0,18.662,-0.122
120,route2_veh2,route2,4.952,205.623,11331.551,4.582,3.974,70.995,383.833,571.872,route2_lane0,11.755,-0.959
140,route2_veh2,route2,6.022,116.411,9711.329,2.232,4.523,56.482,429.657,872.73,route2_lane0,16.839,-0.148
160,route2_veh2,route2,8.027,134.019,7745.125,1.128,4.172,60.921,729.508,765.513,route2_lane0,3.178,1.772
180,route2_veh2,route2,5.003,159.054,10649.12,5.227,4.1,56.543,246.979,906.255,route2_lane0,4.991,-0.204
0,route2_veh3,route2,8.827,125.905,11739.033,3.729,4.179,50.84,62.653,906.437,route2_lane0,2.785,-0.747
20,route2_veh3,route2,2.152,176.521,10605.266,3.719,4.267,73.421,52.258,418.793,route2_lane0,5.203,0.516
40,route2_veh3,route2,8.589,112.371,9940.337,2.643,4.666,65.213,349.506,114.096,route2_lane0,3.025,-0.036
60,route2_veh3,route2,5.531,125.692,9800.854,5.149,3.184,71.503,722.814,67.668,route2_lane0,14.157,0.062
80,route2_veh3,route2,5.345,152.584,7891.791,1.079,4.637,61.557,411.766,650.973,route2_lane0,10.909,0.904
100,route2_veh3,route2,7.042,128.16,9225.655,5.375,3.554,54.118,330.215,756.752,route2_lane0,10.388,-0.799
120,route2_veh3,route2,7.646,142.429,9062.283,2.437,5.083,63.468,497.813,105.474,route2_lane0,13.136,-0.078
140,route2_veh3,route2,6.147,184.453,9669.906,2.562,5.119,64.44,634.582,797.914,route2_lane0,7.919,-0.668
160,route2_veh3,route2,7.136,175.583,10227.099,3.154,3.556,71.429,906.143,276.904,route2_lane0,19.67,1.03
180,route2_veh3,route2,6.33,137.891,8067.316,4.424,6.263,52.087,882.416,803.604,route2_lane0,10.104,-1.068
0,route2_veh4,route2,6.841,163.571,7906.41,4.428,4.013,54.056,12.608,559.756,route2_lane0,10.548,0.986
20,route2_veh4,route2,8.159,159.774,9791.576,3.647,4.538,70.477,540.794,710.243,route2_lane0,6.287,-0.295
40,route2_veh4,route2,9.634,146.458,6317.218,3.392,5.497,58.38,173.762,712.014,route2_lane0,16.52,-0.023
60,route2_veh4,route2,6.522,138.995,8912.363,3.078,5.815,66.279,620.929,352.375,route2_lane0,16.829,-0.322
80,route2_veh4,route2,7.807,149.274,8144.447,4.324,3.021,67.158,69.641,174.881,route2_lane0,17.115,1.188
100,route2_veh4,route2,8.173,135.753,10806.946,2.654,4.326,57.633,212.644,33.189,route2_lane0,6.079,1.939
120,route2_veh4,route2,8.028,155.387,10025.945,4.489,4.835,56.507,907.195,670.732,route2_lane0,11.209,1.11
140,route2_veh4,route2,6.735,120.764,11160.621,3.88,2.027,74.42,110.721,422.548,route2_lane0,0.84,0.847
160,route2_veh4,route2,7.664,155.715,10564.178,3.565,4.713,68.849,804.907,18.007,route2_lane0,19.256,-0.26
180,route2_veh4,route2,5.129,182.579,8696.055,4.808,4.567,52.413,241.894,12.404,route2_lane0,9.375,1.838
0,route2_veh5,route2,8.6,101.511,7919.476,2.932,5.15,72.308,185.33,78.969,route2_lane0,4.79,1.711
20,route2_veh5,route2,7.14,184.856,8108.97,4.238,5.175,71.974,571.772,517.446,route2_lane0,8.609,0.501
40,route2_veh5,route2,5.692,95.081,10266.804,5.374,4.063,65.177,631.308,591.697,route2_lane0,14.053,0.953
60,route2_veh5,route2,7.151,101.941,9130.906,3.157,6.371,73.763,600.651,743.594,route2_lane0,10.125,-0.176
80,route2_veh5,route2,5.755,155.838,8386.294,2.68,3.588,53.501,276.814,971.533,route2_lane0,6.627,-0.037
100,route2_veh5,route2,4.187,147.507,7242.919,4.76,4.282,50.138,7.664,219.069,route2_lane0,0.734,-1.458
120,route2_veh5,route2,6.382,127.435,9978.762,5.34,2.325,73.294,397.015,87.093,route2_lane0,12.341,0.115
140,route2_veh5,route2,6.362,126.119,11114.011,4.021,6.101,74.82,131.489,274.732,route2_lane0,7.892,-0.061
160,route2_veh5,route2,3.394,102.476,9900.69,4.509,2.619,70.595,955.061,821.198,route2_lane0,0.031,0.895
180,route2_veh5,route2,6.034,154.404,11918.331,4.897,3.931,61.406,369.053,121.025,route2_lane0,8.379,-0.891
0,route2_veh6,route2,6.737,152.306,9162.716,3.35,4.369,66.967,361.92,593.661,route2_lane0,0.203,0.442
20,route2_veh6,route2,8.416,156.996,10929.705,4.287,3.588,72.561,66.444,533.967,route2_lane0,2.843,0.362
40,route2_veh6,route2,6.934,143.756,9307.194,2.118,3.651,53.075,558.642,343.167,route2_lane0,14.583,0.093
60,route2_veh6,route2,8.939,162.816,8530.659,5.775,3.006,57.658,788.985,446.42,route2_lane0,15.968,0.919
80,route2_veh6,route2,7.577,157.81,9298.537,4.811,4.993,59.279,601.074,705.586,route2_lane0,13.768,-1.749
100,route2_veh6,route2,4.818,137.676,7841.443,3.785,3.892,53.861,25.448,645.822,route2_lane0,12.738,0.78
120,route2_veh6,route2,5.876,143.723,6974.843,3.194,5.165,59.115,217.893,988.036,route2_lane0,9.08,1.616
140,route2_veh6,route2,5.381,162.722,8789.241,3.986,4.746,59.605,38.996,30.956,route2_lane0,7.76,0.006
160,route2_veh6,route2,6.482,197.959,10341.379,3.705,4.897,65.074,826.707,984.013,route2_lane0,5.768,-0.334
180,route2_veh6,route2,6.785,163.432,7143.686,2.873,3.006,63.843,541.705,761.902,route2_lane0,16.673,0.143
0,route2_veh7,route2,3.398,133.72,8318.324,3.379,4.032,56.756,966.417,557.709,route2_lane0,6.946,-0.472
20,route2_veh7,route2,4.855,157.177,12611.124,3.081,1.67,74.846,880.315,623.406,route2_lane0,11.388,-0.286
40,route2_veh7,route2,4.541,164.901,8802.034,3.894,6.844,55.694,964.029,909.455,route2_lane0,14.443,-1.503
60,route2_veh7,route2,9.172,152.939,9962.076,3.608,4.469,56.894,877.091,944.042,route2_lane0,2.976,-0.343
80,route2_veh7,route2,7.754,149.122,11189.075,3.949,2.427,57.145,203.223,761.798,route2_lane0,7.731,1.262
100,route2_veh7,route2,2.729,244.132,11084.085,4.223,4.145,70.688,764.528,573.529,route2_lane0,19.121,0.286
120,route2_veh7,route2,6.605,145.462,9207.638,5.134,4.794,65.665,926.383,19.116,route2_lane0,9.537,-2.94
140,route2_veh7,route2,9.248,178.426,8340.683,4.407,3.228,70.111,278.76,210.705,route2_lane0,19.149,-1.38
160,route2_veh7,route2,8.906,165.393,10587.644,4.516,3.559,68.836,768.923,658.541,route2_lane0,15.322,0.432
180,route2_veh7,route2,7.703,182.105,9460.218,3.118,4.037,60.178,66.01,348.821,route2_lane0,2.22,-0.745
0,route2_veh8,route2,3.213,156.399,9501.808,3.183,4.859,51.256,72.902,402.873,route2_lane0,5.906,0.938
20,route2_veh8,route2,5.462,121.803,10744.212,3.806,3.935,55.651,640.476,978.981,route2_lane0,12.07,-2.004
40,route2_veh8,route2,9.721,110.735,4970.732,4.184,6.001,51.794,682.617,241.932,route2_lane0,14.279,1.239
60,route2_veh8,route2,7.953,165.164,11090.315,6.76,4.592,56.785,496.695,284.274,route2_lane0,2.677,-0.509
80,route2_veh8,route2,5.952,154.571,8266.37,5.121,4.2,51.171,276.17,706.976,route2_lane0,1.254,-0.009
100,route2_veh8,route2,8.65,123.986,8512.825,3.696,2.854,71.068,313.348,788.932,route2_lane0,17.837,-0.819
120,route2_veh8,route2,8.702,145.879,10085.697,3.897,4.465,62.345,387.649,632.712,route2_lane0,14.077,-0.583
140,route2_veh8,route2,8.931,187.084,9632.986,4.197,3.582,69.546,644.149,48.186,route2_lane0,7.201,-0.316
160,route2_veh8,route2,7.001,168.036,7334.218,1.704,3.649,59.245,52.355,767.568,route2_lane0,8.33,-1.221
180,route2_veh8,route2,7.653,159.014,10433.311,2.861,5.239,55.394,677.813,607.752,route2_lane0,5.906,-0.076
0,route2_veh9,route2,7.753,122.938,8195.505,5.125,3.011,67.83,199.215,890.215,route2_lane0,5.748,1.643
20,route2_veh9,route2,5.912,145.116,9561.379,2.998,4.941,50.367,379.094,337.346,route2_lane0,0.387,-0.513
40,route2_veh9,route2,6.543,120.17,5656.5,3.809,6.613,50.248,464.095,963.499,route2_lane0,10.381,0.785
60,route2_veh9,route2,4.638,183.43,10573.072,4.718,4.638,53.139,16.948,770.158,route2_lane0,16.143,0.02
80,route2_veh9,route2,6.292,132.792,9652.784,5.549,2.961,50.034,299.801,646.459,route2_lane0,19.484,-1.468
100,route2_veh9,route2,7.347,157.319,9165.197,5.49,2.599,51.642,228.235,246.604,route2_lane0,9.682,-0.828
120,route2_veh9,route2,6.648,199.844,9531.33,4.231,2.94,54.896,140.803,622.414,route2_lane0,15.626,-0.616
140,route2_veh9,route2,4.777,157.395,10247.333,5.14,5.781,56.498,345.192,917.486,route2_lane0,5.81,-1.015
160,route2_veh9,route2,8.975,147.721,9020.229,4.152,3.365,53.357,957.934,529.66,route2_lane0,4.838,2.09
180,route2_veh9,route2,11.047,150.204,9214.941,3.643,4.02,63.664,432.816,43.9,route2_lane0,3.315,1.373
0,route2_veh10,route2,4.152,142.0,8856.133,4.589,2.602,60.925,593.561,73.082,route2_lane0,12.447,0.462
20,route2_veh10,route2,7.852,150.574,8537.77,4.488,6.004,56.184,640.615,666.6,route2_lane0,3.254,-0.191
40,route2_veh10,route2,9.968,160.668,9030.413,3.999,2.95,58.042,848.042,728.861,route2_lane0,1.908,0.605
60,route2_veh10,route2,6.127,148.016,12649.583,3.753,3.842,59.946,919.531,993.255,route2_lane0,0.898,-0.648
80,route2_veh10,route2,5.701,189.639,11629.405,3.4,2.333,69.689,251.001,564.074,route2_lane0,7.172,1.008
100,route2_veh10,route2,4.578,171.923,9521.41,3.046,3.793,73.761,581.622,436.614,route2_lane0,11.602,0.686
120,route2_veh10,route2,10.234,153.131,8151.824,2.67,4.011,69.509,476.336,497.54,route2_lane0,4.094,0.922
140,route2_veh10,route2,4.495,160.909,10830.331,3.579,1.596,70.272,835.826,332.191,route2_lane0,13.872,0.199
160,route2_veh10,route2,8.36,185.775,6832.119,4.32,3.696,53.197,765.547,0.012,route2_lane0,8.331,-0.082
180,route2_veh10,route2,5.649,151.025,7869.131,2.914,4.879,68.547,848.425,422.629,route2_lane0,6.059,-1.149
0,route2_veh11,route2,9.388,120.565,8803.394,4.462,4.983,70.167,984.858,754.248,route2_lane0,7.864,-0.252
20,route2_veh11,route2,10.478,179.366,9627.977,3.192,3.37,69.516,583.773,952.222,route2_lane0,0.848,0.523
40,route2_veh11,route2,8.301,104.908,11077.921,3.002,3.816,62.846,508.891,369.281,route2_lane0,18.658,0.25
60,route2_veh11,route2,8.069,176.63,9018.999,5.795,4.43,68.225,861.691,274.072,route2_lane0,16.141,0.498
80,route2_veh11,route2,5.883,116.995,10159.252,4.779,4.658,73.677,496.259,380.518,route2_lane0,3.261,1.674
100,route2_veh11,route2,8.391,175.473,9059.05,3.928,2.682,67.622,817.128,546.43,route2_lane0,19.341,-0.357
120,route2_veh11,route2,7.014,130.19,10548.243,4.421,4.692,63.818,396.554,131.715,route2_lane0,17.306,-0.526
140,route2_veh11,route2,6.042,124.117,10540.218,3.608,5.26,56.262,624.874,571.746,route2_lane0,16.657,0.617
160,route2_veh11,route2,6.261,154.302,6835.647,4.409,3.171,65.532,334.05,732.699,route2_lane0,8.091,-1.353
180,route2_veh11,route2,5.928,98.779,7825.213,5.236,4.044,73.611,641.734,671.479,route2_lane0,12.646,-0.548
0,route2_veh12,route2,6.28,110.219,8879.802,4.26,3.236,60.8,980.369,67.503,route2_lane0,10.374,-0.957
20,route2_veh12,route2,6.539,122.273,10835.298,5.035,2.354,59.94,264.276,205.333,route2_lane0,9.661,-0.93
40,route2_veh12,route2,5.156,119.881,9810.901,4.069,3.478,51.89,951.423,297.291,route2_lane0,1.841,0.177
60,route2_veh12,route2,10.347,190.214,7550.628,4.83,5.011,67.666,610.007,312.907,route2_lane0,5.422,-1.148
80,route2_veh12,route2,9.035,158.145,10327.214,4.341,4.591,67.528,680.112,408.152,route2_lane0,0.308,-1.326
100,route2_veh12,route2,3.938,165.428,10358.086,3.938,5.324,54.714,672.46,977.007,route2_lane0,2.038,-0.334
120,route2_veh12,route2,6.953,144.769,9837.962,3.63,4.069,56.468,434.403,723.448,route2_lane0,0.181,0.826
140,route2_veh12,route2,10.499,191.444,7561.606,4.69,3.697,54.982,877.47,738.723,route2_lane0,0.275,0.263
160,route2_veh12,route2,5.432,129.284,8125.712,3.168,4.133,68.318,606.732,672.872,route2_lane0,1.623,-0.716
180,route2_veh12,route2,7.999,164.16,9613.933,4.743,4.682,68.572,737.917,521.449,route2_lane0,1.369,-1.238
0,route2_veh13,route2,8.367,143.721,11109.467,6.364,3.414,72.384,666.463,787.387,route2_lane0,9.087,-1.381
20,route2_veh13,route2,4.323,170.788,8591.209,5.719,6.193,73.407,64.006,824.743,route2_lane0,5.848,-0.767
40,route2_veh13,route2,6.226,148.638,9538.083,2.08,4.186,73.178,105.393,764.441,route2_lane0,8.193,-0.69
60,route2_veh13,route2,4.487,174.396,9081.556,3.72,4.99,70.353,685.134,110.432,route2_lane0,5.784,0.34
80,route2_veh13,route2,4.83,125.238,13923.642,5.245,2.849,70.714,789.293,307.796,route2_lane0,18.276,-1.322
100,route2_veh13,route2,6.749,159.836,9628.84,1.781,3.97,63.834,503.132,193.863,route2_lane0,17.176,-0.851
120,route2_veh13,route2,8.844,164.481,10130.142,4.607,6.257,54.009,673.645,179.253,route2_lane0,13.879,-1.131
140,route2_veh13,route2,6.165,141.147,10963.725,4.918,2.954,52.089,19.129,165.748,route2_lane0,17.817,0.055
160,route2_veh13,route2,5.581,112.245,9174.474,3.692,6.627,56.134,57.732,391.033,route2_lane0,4.684,0.433
180,route2_veh13,route2,9.043,212.653,7121.025,2.12,6.071,67.554,171.694,500.113,route2_lane0,8.239,0.39
0,route3_veh0,route3,13.983,123.107,5481.935,3.086,2.475,58.43,142.842,692.074,route3_lane0,4.125,0.255
20,route3_veh0,route3,15.575,94.134,6849.709,1.551,3.1,69.819,69.046,474.255,route3_lane0,11.214,-0.05
40,route3_veh0,route3,17.393,124.921,7164.827,4.759,3.772,71.083,485.095,333.628,route3_lane0,15.831,0.389
60,route3_veh0,route3,9.042,94.925,5759.95,2.936,4.637,72.544,203.473,66.974,route3_lane0,17.547,-0.457
80,route3_veh0,route3,15.545,43.828,6011.29,3.211,4.6,60.837,997.182,559.059,route3_lane0,6.423,-0.492
100,route3_veh0,route3,11.094,70.258,5988.351,2.815,2.795,68.068,656.729,708.766,route3_lane0,0.167,-2.206
120,route3_veh0,route3,14.955,71.558,6538.061,2.993,3.999,63.71,66.463,766.515,route3_lane0,11.674,0.668
140,route3_veh0,route3,15.114,119.726,6908.975,4.41,3.81,65.512,742.253,169.881,route3_lane0,3.9,-0.861
160,route3_veh0,route3,13.89,111.58,7056.48,3.311,5.1,72.228,578.807,632.391,route3_lane0,3.13,1.072
180,route3_veh0,route3,18.428,94.549,5698.076,2.348,2.31,55.373,424.851,907.839,route3_lane0,10.141,-0.785
0,route3_veh1,route3,10.277,137.982,7464.03,4.031,2.742,67.309,264.062,939.068,route3_lane0,12.727,0.855
20,route3_veh1,route3,9.473,77.623,7576.397,2.052,3.863,56.616,661.969,814.94,route3_lane0,15.561,-1.367
40,route3_veh1,route3,10.91,114.551,7138.575,2.461,2.391,50.779,259.576,33.676,route3_lane0,17.584,-1.963
60,route3_veh1,route3,14.049,60.88,6923.947,2.737,4.079,72.203,325.291,900.961,route3_lane0,19.923,-0.302
80,route3_veh1,route3,14.005,107.904,7410.048,1.464,4.157,71.451,997.628,241.496,route3_lane0,0.807,0.612
100,route3_veh1,route3,9.95,93.898,6748.901,2.866,3.734,57.819,654.342,232.018,route3_lane0,0.288,1.431
120,route3_veh1,route3,14.866,133.223,7302.851,4.091,5.412,71.611,586.937,580.95,route3_lane0,19.814,1.024
140,route3_veh1,route3,11.946,139.085,5736.043,4.532,3.9,73.205,929.14,341.905,route3_lane0,10.554,-1.399
160,route3_veh1,route3,14.877,122.131,6029.937,3.124,5.354,66.938,373.123,941.692,route3_lane0,3.347,-0.506
180,route3_veh1,route3,18.888,100.092,8114.902,4.341,2.658,65.899,599.302,179.356,route3_lane0,14.103,-0.485
0,route3_veh2,route3,18.961,86.726,6364.321,3.342,4.954,70.954,802.811,960.92,route3_lane0,10.719,0.854
20,route3_veh2,route3,5.411,92.585,7113.719,1.849,3.786,64.58,592.84,354.925,route3_lane0,1.04,-0.204
40,route3_veh2,route3,12.778,88.709,7053.532,2.242,2.269,71.575,886.093,196.654,route3_lane0,14.749,0.623
60,route3_veh2,route3,15.686,84.211,7129.115,3.82,3.366,71.185,62.394,335.279,route3_lane0,1.34,0.455
80,route3_veh2,route3,12.382,81.336,6570.194,1.451,2.909,54.187,147.276,973.077,route3_lane0,15.186,-0.285
100,route3_veh2,route3,12.815,111.986,7936.872,2.35,2.197,55.813,129.679,256.463,route3_lane0,7.106,-1.042
120,route3_veh2,route3,11.632,104.536,7573.538,2.443,2.987,71.616,154.925,82.737,route3_lane0,9.691,-0.927
140,route3_veh2,route3,14.719,55.353,6332.481,3.301,3.584,53.602,623.998,273.64,route3_lane0,9.757,2.693
160,route3_veh2,route3,12.758,79.174,7990.007,2.45,3.283,61.461,725.006,574.288,route3_lane0,13.344,-0.636
180,route3_veh2,route3,14.446,109.218,7311.936,1.072,3.121,54.879,489.393,741.641,route3_lane0,9.851,0.845
0,route3_veh3,route3,16.741,98.45,8036.884,2.633,1.696,61.35,762.447,126.002,route3_lane0,3.928,-0.924
20,route3_veh3,route3,18.712,140.649,9684.414,2.841,3.696,59.304,661.667,141.224,route3_lane0,11.418,-1.517
40,route3_veh3,route3,11.233,79.068,6009.762,2.461,2.852,73.178,969.927,571.26,route3_lane0,2.86,0.833
60,route3_veh3,route3,16.654,87.17,5866.705,2.769,4.58,69.898,175.123,672.765,route3_lane0,4.41,0.194
80,route3_veh3,route3,14.226,92.305,5709.838,2.113,3.935,68.757,152.049,458.324,route3_lane0,7.024,1.229
100,route3_veh3,route3,12.907,77.258,5582.542,2.332,3.692,61.702,466.299,760.576,route3_lane0,3.09,-0.187
120,route3_veh3,route3,4.757,87.507,6115.878,4.388,3.015,50.762,204.448,340.412,route3_lane0,10.212,0.383
140,route3_veh3,route3,15.305,105.385,7460.749,6.926,1.316,70.98,160.68,24.972,route3_lane0,8.981,1.725
160,route3_veh3,route3,11.291,108.238,4827.674,3.751,2.984,70.036,392.094,750.77,route3_lane0,2.51,-1.13
180,route3_veh3,route3,10.807,118.948,7691.16,4.849,3.224,51.654,19.155,826.859,route3_lane0,10.495,0.669
0,route3_veh4,route3,10.844,118.625,6546.894,2.936,3.492,73.33,265.496,611.464,route3_lane0,13.57,0.252
20,route3_veh4,route3,15.607,88.612,5643.987,3.955,4.276,74.753,311.879,339.972,route3_lane0,1.579,1.473
40,route3_veh4,route3,8.082,90.188,8095.542,2.534,4.04,51.545,92.361,162.791,route3_lane0,11.904,-0.191
60,route3_veh4,route3,13.256,25.222,6557.035,1.37,4.606,68.847,577.891,904.36,route3_lane0,16.348,0.777
80,route3_veh4,route3,10.153,143.684,8011.849,2.763,4.536,56.791,190.61,184.632,route3_lane0,6.842,-1.106
100,route3_veh4,route3,16.669,93.529,7258.256,2.43,1.579,62.32,299.942,596.082,route3_lane0,8.677,0.27
120,route3_veh4,route3,15.734,102.644,8442.819,2.154,3.943,70.525,566.605,657.03,route3_lane0,17.968,0.2
140,route3_veh4,route3,8.035,75.999,6640.478,3.093,2.27,52.968,980.568,214.696,route3_lane0,1.345,2.412
160,route3_veh4,route3,17.549,115.053,6893.648,2.788,2.448,54.313,567.974,296.358,route3_lane0,18.766,0.077
180,route3_veh4,route3,7.277,78.49,6262.313,4.888,3.957,56.321,577.632,359.209,route3_lane0,16.471,-1.335
0,route3_veh5,route3,12.719,133.145,5126.687,1.603,2.816,55.226,84.688,466.693,route3_lane0,9.643,1.038
20,route3_veh5,route3,11.647,113.794,8360.34,2.537,2.989,61.478,303.286,932.555,route3_lane0,2.373,1.154
40,route3_veh5,route3,13.571,111.23,6137.251,3.034,0.912,54.03,656.41,971.151,route3_lane0,11.244,-0.658
60,route3_veh5,route3,11.972,104.262,5548.448,2.793,4.01,66.544,76.803,354.666,route3_lane0,11.013,0.157
80,route3_veh5,route3,16.477,91.594,7353.137,4.197,2.028,52.647,354.898,413.173,route3_lane0,13.516,-0.709
100,route3_veh5,route3,11.333,105.11,5237.206,2.604,3.717,51.048,419.183,168.204,route3_lane0,17.587,-0.333
120,route3_veh5,route3,8.457,108.04,9081.413,3.018,3.625,65.746,403.211,752.398,route3_lane0,10.626,0.693
140,route3_veh5,route3,10.801,145.452,7807.702,3.553,3.634,63.507,844.666,431.302,route3_lane0,7.581,-0.249
160,route3_veh5,route3,12.442,107.75,6726.435,4.219,1.449,64.326,325.211,39.269,route3_lane0,5.44,0.144
180,route3_veh5,route3,12.717,110.49,5676.952,4.279,4.442,73.669,400.212,783.298,route3_lane0,5.319,0.584
0,route3_veh6,route3,17.948,126.765,5851.517,3.361,2.107,57.68,546.459,417.193,route3_lane0,3.205,0.572
20,route3_veh6,route3,12.097,69.763,7305.672,3.251,3.206,52.506,16.592,661.719,route3_lane0,12.049,-0.756
40,route3_veh6,route3,11.549,84.696,7438.57,2.642,3.261,51.266,39.392,573.95,route3_lane0,7.858,0.74
60,route3_veh6,route3,13.218,89.713,6683.996,2.962,1.669,74.345,544.199,275.239,route3_lane0,14.189,1.495
80,route3_veh6,route3,14.42,93.309,7900.802,0.873,3.301,70.809,805.649,224.319,route3_lane0,4.522,-0.603
100,route3_veh6,route3,12.668,77.584,7894.579,2.631,0.493,58.36,394.572,529.941,route3_lane0,3.227,-0.375
120,route3_veh6,route3,16.986,107.83,6011.546,3.456,2.941,59.027,408.456,679.697,route3_lane0,1.134,-0.695
140,route3_veh6,route3,12.71,89.601,5570.53,3.608,2.083,72.152,895.69,297.287,route3_lane0,4.6,0.776
160,route3_veh6,route3,8.6,87.465,8067.906,3.516,4.378,59.925,156.317,737.951,route3_lane0,7.209,0.522
180,route3_veh6,route3,9.41,122.342,7960.84,4.83,2.99,61.692,619.39,411.19,route3_lane0,8.55,0.712
0,route3_veh7,route3,15.138,52.921,6315.985,3.437,3.585,70.582,556.191,779.517,route3_lane0,0.324,0.425
20,route3_veh7,route3,10.143,83.075,5795.543,3.83,4.3,58.108,676.484,594.242,route3_lane0,12.063,0.451
40,route3_veh7,route3,15.207,144.545,4646.39,2.476,2.665,67.309,233.333,625.33,route3_lane0,14.942,0.721
60,route3_veh7,route3,13.851,75.303,5699.094,4.25,4.179,58.299,465.337,13.682,route3_lane0,1.632,-0.039
80,route3_veh7,route3,9.787,147.785,5135.408,3.189,4.407,74.133,50.417,890.384,route3_lane0,11.538,-1.255
100,route3_veh7,route3,13.037,171.71,4630.821,4.059,3.227,53.582,714.719,293.353,route3_lane0,10.509,0.772
120,route3_veh7,route3,14.81,107.454,7630.258,4.058,3.768,57.396,1.112,271.955,route3_lane0,4.358,0.148
140,route3_veh7,route3,16.56,135.908,6490.456,3.046,2.495,66.626,556.578,342.731,route3_lane0,2.692,1.173
160,route3_veh7,route3,13.694,116.162,6519.632,2.127,4.281,52.955,0.031,712.137,route3_lane0,7.132,0.721
180,route3_veh7,route3,16.511,103.357,6903.477,3.554,2.538,63.722,379.979,607.135,route3_lane0,7.775,0.03
0,route3_veh8,route3,12.01,94.708,5983.946,2.712,4.819,71.84,995.569,582.714,route3_lane0,16.249,-2.488
20,route3_veh8,route3,9.379,73.117,8979.311,2.054,2.247,53.33,632.396,128.326,route3_lane0,11.57,1.137
40,route3_veh8,route3,16.302,126.534,7491.608,3.362,5.161,65.479,186.64,25.69,route3_lane0,5.691,-0.0
60,route3_veh8,route3,19.258,74.631,6330.098,3.416,3.346,64.639,541.374,86.032,route3_lane0,1.141,-0.982
80,route3_veh8,route3,13.588,77.398,4786.351,3.258,4.504,51.039,498.13,689.31,route3_lane0,5.046,0.475
100,route3_veh8,route3,15.741,61.357,8866.791,3.574,4.8,61.655,189.936,701.738,route3_lane0,11.129,-1.342
120,route3_veh8,route3,15.118,93.933,5465.72,4.23,2.435,68.906,454.184,412.28,route3_lane0,18.695,1.628
140,route3_veh8,route3,11.442,91.477,7356.812,3.077,2.806,58.483,505.932,161.923,route3_lane0,13.162,-0.166
160,route3_veh8,route3,9.54,57.816,4467.94,1.645,2.691,66.206,61.446,813.723,route3_lane0,18.81,1.953
180,route3_veh8,route3,14.201,103.277,6699.324,1.805,4.851,60.037,338.084,126.824,route3_lane0,7.835,1.807
0,route3_veh9,route3,14.518,81.793,9614.573,4.191,3.613,58.637,803.012,540.279,route3_lane0,1.586,1.027
20,route3_veh9,route3,15.585,103.477,4749.905,2.197,3.326,60.819,595.68,80.615,route3_lane0,18.791,-0.076
40,route3_veh9,route3,14.517,137.228,9752.885,2.596,3.891,56.927,940.88,124.346,route3_lane0,17.503,0.57
60,route3_veh9,route3,14.308,36.694,7686.69,3.126,3.178,70.242,950.533,22.066,route3_lane0,19.65,2.047
80,route3_veh9,route3,10.975,89.923,9389.019,2.168,2.85,64.987,902.403,383.215,route3_lane0,4.327,-0.147
100,route3_veh9,route3,11.178,98.069,7353.597,3.418,1.624,69.995,554.687,825.932,route3_lane0,12.629,1.064
120,route3_veh9,route3,14.4,133.656,7478.926,2.902,5.672,55.512,625.651,571.608,route3_lane0,3.697,0.889
140,route3_veh9,route3,13.437,84.647,6983.278,4.589,4.095,52.003,441.834,163.367,route3_lane0,3.689,-1.141
160,route3_veh9,route3,11.567,68.622,6634.049,2.439,0.471,59.57,839.147,145.327,route3_lane0,10.114,2.053
180,route3_veh9,route3,18.087,147.432,7003.702,4.024,3.575,66.139,45.585,945.971,route3_lane0,16.843,-1.337
0,route3_veh10,route3,11.636,94.534,6681.181,2.919,3.452,56.146,358.14,989.505,route3_lane0,13.686,-1.061
20,route3_veh10,route3,15.933,47.359,8299.667,4.386,3.098,60.386,24.005,335.372,route3_lane0,3.542,-2.603
40,route3_veh10,route3,17.591,116.623,5598.067,1.402,3.073,54.476,797.514,677.546,route3_lane0,10.939,-0.213
60,route3_veh10,route3,15.447,98.798,6561.904,2.643,4.581,74.813,240.671,874.307,route3_lane0,16.612,-0.627
80,route3_veh10,route3,11.495,65.688,7219.867,2.939,3.9,58.355,730.87,420.011,route3_lane0,11.567,-0.534
100,route3_veh10,route3,14.304,111.886,5765.776,3.424,4.68,60.068,519.612,996.526,route3_lane0,2.704,-2.217
120,route3_veh10,route3,10.103,140.729,6043.683,1.826,3.202,60.46,357.811,593.781,route3_lane0,11.512,2.068
140,route3_veh10,route3,12.69,69.024,9524.597,4.594,4.079,50.63,354.832,780.213,route3_lane0,11.278,-0.812
160,route3_veh10,route3,15.638,73.066,8589.445,3.313,4.087,62.204,133.182,261.333,route3_lane0,8.382,1.467
180,route3_veh10,route3,14.04,162.789,4407.899,2.968,4.041,54.36,471.649,91.422,route3_lane0,12.514,0.123
0,route3_veh11,route3,6.43,129.865,8045.902,3.052,3.629,72.266,596.945,810.161,route3_lane0,8.593,1.074
20,route3_veh11,route3,13.962,104.851,5148.921,3.287,2.568,56.171,306.415,555.134,route3_lane0,11.76,-0.638
40,route3_veh11,route3,18.761,69.428,6892.63,1.706,2.704,60.008,811.866,13.862,route3_lane0,12.988,-0.918
60,route3_veh11,route3,16.205,115.103,9794.73,1.521,4.659,73.294,996.949,720.157,route3_lane0,5.744,1.146
80,route3_veh11,route3,14.008,94.313,5728.884,2.281,5.45,55.977,758.04,760.006,route3_lane0,6.252,0.001
100,route3_veh11,route3,8.951,89.62,6844.236,3.111,3.221,69.547,765.859,691.656,route3_lane0,19.313,0.396
120,route3_veh11,route3,10.043,92.896,8353.192,3.895,2.027,62.611,312.19,427.467,route3_lane0,12.904,0.351
140,route3_veh11,route3,10.497,119.101,4794.358,2.367,3.996,72.731,370.232,751.279,route3_lane0,17.94,-0.634
160,route3_veh11,route3,11.983,109.252,6639.148,3.458,2.903,62.154,109.014,248.54,route3_lane0,6.339,-0.183
180,route3_veh11,route3,13.776,105.318,7817.736,2.569,3.808,53.667,690.323,945.024,route3_lane0,13.651,0.551
0,route3_veh12,route3,13.022,47.838,7008.637,5.213,3.04,70.06,861.418,137.3,route3_lane0,19.048,-0.728
20,route3_veh12,route3,16.578,68.553,7750.794,3.59,3.258,71.463,131.687,705.041,route3_lane0,14.84,0.339
40,route3_veh12,route3,9.571,120.504,6715.905,3.073,3.473,61.887,849.098,383.397,route3_lane0,3.366,-0.15
60,route3_veh12,route3,13.536,130.73,7584.023,2.149,5.885,61.522,828.709,829.563,route3_lane0,14.188,0.265
80,route3_veh12,route3,16.655,126.434,7933.856,2.685,2.828,60.194,886.38,47.197,route3_lane0,19.228,0.333
100,route3_veh12,route3,16.196,136.315,5608.783,2.163,3.26,69.388,393.122,139.254,route3_lane0,0.214,0.308
120,route3_veh12,route3,14.272,100.986,4933.318,1.684,3.681,61.017,879.915,505.521,route3_lane0,10.155,-2.133
140,route3_veh12,route3,12.456,97.342,8094.256,4.703,1.762,69.627,195.713,820.253,route3_lane0,12.975,-1.786
160,route3_veh12,route3,9.401,42.096,7915.418,2.172,1.382,64.901,995.734,435.262,route3_lane0,18.414,0.145
180,route3_veh12,route3,11.626,96.016,6318.242,1.652,2.685,53.009,67.605,724.029,route3_lane0,18.576,0.521
0,route3_veh13,route3,10.015,95.462,3969.815,3.178,4.829,67.968,110.604,35.59,route3_lane0,19.887,-1.474
20,route3_veh13,route3,16.759,88.794,5900.075,1.031,3.503,71.536,866.036,9.911,route3_lane0,15.561,2.042
40,route3_veh13,route3,13.832,99.443,7218.707,2.989,2.587,63.46,992.136,857.531,route3_lane0,1.947,0.823
60,route3_veh13,route3,10.074,132.588,7664.114,2.447,4.402,50.015,307.819,241.165,route3_lane0,4.671,-0.498
80,route3_veh13,route3,7.687,111.789,4419.512,1.772,1.324,52.67,953.403,60.227,route3_lane0,5.953,-0.086
100,route3_veh13,route3,9.872,70.694,7403.681,2.449,3.716,53.096,70.536,909.43,route3_lane0,3.803,-0.885
120,route3_veh13,route3,13.543,132.582,7562.016,2.588,3.657,50.331,511.78,769.443,route3_lane0,18.696,-0.241
140,route3_veh13,route3,12.507,105.302,5508.634,1.984,2.011,63.614,159.88,691.247,route3_lane0,3.351,-1.6
160,route3_veh13,route3,13.104,50.787,7651.468,3.811,2.406,63.676,87.447,377.363,route3_lane0,8.27,0.42
180,route3_veh13,route3,11.852,96.907,6283.016,1.816,3.0,74.531,381.616,775.235,route3_lane0,6.852,0.269
0,route4_veh0,route4,10.471,107.189,7918.269,2.981,2.797,57.843,635.645,355.958,route4_lane0,2.97,-0.528
20,route4_veh0,route4,17.713,104.494,5338.345,2.19,2.386,57.497,642.795,600.945,route4_lane0,13.922,-0.71
40,route4_veh0,route4,17.273,83.427,6320.071,1.067,2.475,52.747,883.684,342.93,route4_lane0,13.677,0.494
60,route4_veh0,route4,12.903,91.218,4825.053,3.091,2.276,53.679,297.977,89.76,route4_lane0,18.217,-0.195
80,route4_veh0,route4,13.979,89.61,6053.771,1.772,3.32,72.112,553.993,534.559,route4_lane0,3.909,1.654
100,route4_veh0,route4,10.708,58.077,5612.754,3.692,3.95,51.24,257.063,465.036,route4_lane0,4.54,0.243
120,route4_veh0,route4,14.905,99.388,4287.448,1.61,2.936,62.226,351.65,909.548,route4_lane0,11.379,0.536
140,route4_veh0,route4,16.079,109.564,5540.071,0.592,2.607,69.848,940.992,623.21,route4_lane0,14.833,1.002
160,route4_veh0,route4,15.288,104.491,5832.658,2.37,4.669,61.259,748.963,356.982,route4_lane0,12.695,-0.943
180,route4_veh0,route4,15.758,76.581,4801.679,2.719,4.009,62.065,216.031,967.271,route4_lane0,14.303,-0.845
0,route4_veh1,route4,13.738,108.708,7639.513,2.441,4.856,56.304,446.726,123.45,route4_lane0,4.12,0.224
20,route4_veh1,route4,16.881,106.562,5084.757,2.672,3.672,68.281,769.747,975.41,route4_lane0,11.471,1.528
40,route4_veh1,route4,17.749,61.681,6080.673,1.727,3.379,59.841,473.436,854.547,route4_lane0,6.8,1.23
60,route4_veh1,route4,15.613,105.705,6164.008,1.221,3.515,63.384,635.323,196.487,route4_lane0,4.235,-0.834
80,route4_veh1,route4,13.721,89.012,7840.201,2.686,2.268,73.828,719.245,930.165,route4_lane0,10.552,1.89
100,route4_veh1,route4,12.175,104.078,6873.332,0.61,5.015,54.156,379.737,617.194,route4_lane0,19.396,1.291
120,route4_veh1,route4,15.067,99.789,7107.489,3.947,3.568,65.584,602.469,489.786,route4_lane0,10.573,-1.05
140,route4_veh1,route4,14.729,42.948,7163.779,1.952,4.923,60.943,276.754,558.171,route4_lane0,6.94,-0.775
160,route4_veh1,route4,7.805,95.711,4006.626,2.18,4.643,62.125,85.403,972.461,route4_lane0,10.36,0.361
180,route4_veh1,route4,9.899,109.814,3254.73,1.87,2.512,54.874,504.911,768.747,route4_lane0,1.239,0.633
0,route4_veh2,route4,11.045,99.967,6405.119,1.921,2.519,60.543,39.923,449.079,route4_lane0,11.552,0.696
20,route4_veh2,route4,8.444,114.59,5685.628,2.182,2.219,69.165,966.274,970.074,route4_lane0,17.301,-0.26
40,route4_veh2,route4,18.796,115.053,7534.668,1.084,1.849,68.944,281.918,318.04,route4_lane0,18.493,-2.839
60,route4_veh2,route4,13.933,77.778,6745.711,3.266,1.384,58.582,852.048,559.218,route4_lane0,10.295,0.3
80,route4_veh2,route4,13.687,104.833,5614.331,2.681,3.46,64.392,126.115,581.722,route4_lane0,15.327,0.195
100,route4_veh2,route4,16.886,89.075,7399.88,2.779,2.049,57.742,201.795,908.826,route4_lane0,15.208,0.319
120,route4_veh2,route4,10.432,121.35,7186.408,1.795,1.462,65.416,40.334,326.17,route4_lane0,9.371,-0.145
140,route4_veh2,route4,12.835,87.36,7260.393,1.802,4.679,50.525,34.431,445.826,route4_lane0,16.333,-1.912
160,route4_veh2,route4,16.579,96.995,7867.467,2.113,1.901,73.455,275.567,332.173,route4_lane0,14.016,1.421
180,route4_veh2,route4,15.786,80.253,6341.397,2.572,1.5,57.612,982.947,642.777,route4_lane0,14.354,-0.779
0,route4_veh3,route4,13.812,101.078,6146.909,3.857,2.8,73.692,218.772,326.221,route4_lane0,15.124,0.232
20,route4_veh3,route4,18.676,56.738,8455.571,2.127,2.757,54.201,354.797,399.983,route4_lane0,1.148,-1.89
40,route4_veh3,route4,16.873,100.19,6869.212,1.404,2.119,67.527,410.732,504.637,route4_lane0,0.147,1.799
60,route4_veh3,route4,17.211,126.797,6367.025,2.112,2.944,62.549,909.93,717.262,route4_lane0,11.641,0.338
80,route4_veh3,route4,15.144,102.791,4677.307,0.0,3.388,67.429,83.223,862.96,route4_lane0,9.611,-0.095
100,route4_veh3,route4,14.258,76.327,7688.199,2.283,3.527,63.942,54.61,971.845,route4_lane0,10.252,-0.477
120,route4_veh3,route4,13.194,49.091,5980.671,3.294,2.703,57.446,780.048,471.626,route4_lane0,4.55,-0.246
140,route4_veh3,route4,12.547,70.844,6289.546,2.992,2.991,54.479,891.14,460.355,route4_lane0,14.193,0.307
160,route4_veh3,route4,14.835,82.27,5484.368,1.915,2.521,61.693,605.897,428.352,route4_lane0,0.542,0.359
180,route4_veh3,route4,15.187,101.589,8040.915,0.074,0.613,72.186,893.934,335.816,route4_lane0,12.301,-0.496
0,route4_veh4,route4,4.977,109.279,6792.389,1.41,2.014,60.124,998.793,54.966,route4_lane0,11.571,-0.97
20,route4_veh4,route4,15.482,23.634,5471.778,1.374,2.744,74.164,944.707,334.878,route4_lane0,11.417,-0.538
40,route4_veh4,route4,14.136,108.958,8727.977,2.018,3.324,63.333,405.645,169.162,route4_lane0,19.549,-1.804
60,route4_veh4,route4,13.983,124.463,4851.917,3.02,4.869,62.879,990.285,611.342,route4_lane0,7.419,0.42
80,route4_veh4,route4,12.167,107.612,4624.359,1.321,4.435,62.104,794.014,576.489,route4_lane0,6.841,-0.347
100,route4_veh4,route4,12.23,112.467,6530.253,0.957,3.164,61.138,966.969,571.199,route4_lane0,17.269,2.196
120,route4_veh4,route4,14.629,67.709,6780.618,3.535,2.164,52.311,457.9,394.479,route4_lane0,17.341,1.424
140,route4_veh4,route4,16.279,87.706,6428.209,2.994,3.291,67.194,273.475,736.473,route4_lane0,1.033,-1.996
160,route4_veh4,route4,13.604,81.907,4869.711,1.42,0.978,54.806,309.47,974.904,route4_lane0,8.222,-0.101
180,route4_veh4,route4,20.28,57.203,7891.257,3.473,2.221,66.922,64.095,596.143,route4_lane0,14.792,0.203
0,route4_veh5,route4,15.526,84.242,4719.132,2.292,4.207,63.62,125.643,289.728,route4_lane0,4.775,-1.527
20,route4_veh5,route4,12.729,60.86,5331.054,3.203,1.693,74.411,954.666,800.138,route4_lane0,4.833,-1.598
40,route4_veh5,route4,13.409,83.385,6553.231,0.754,3.495,71.122,359.676,687.234,route4_lane0,6.257,0.383
60,route4_veh5,route4,14.463,86.586,6476.152,2.393,4.22,69.156,304.095,811.627,route4_lane0,5.878,-1.077
80,route4_veh5,route4,19.098,84.955,7317.635,1.346,3.755,53.909,751.798,568.269,route4_lane0,5.493,0.199
100,route4_veh5,route4,7.81,87.066,7629.418,2.692,4.948,62.969,51.166,232.859,route4_lane0,9.84,1.025
120,route4_veh5,route4,11.179,80.981,4056.535,2.547,2.751,53.332,927.746,867.702,route4_lane0,14.152,-1.673
140,route4_veh5,route4,14.681,86.898,7209.731,3.18,3.307,70.858,577.353,646.407,route4_lane0,9.167,-0.825
160,route4_veh5,route4,12.423,95.81,5693.017,2.723,1.258,63.636,133.416,691.643,route4_lane0,15.9,-0.546
180,route4_veh5,route4,6.885,146.052,6854.336,1.724,3.157,65.651,75.279,112.397,route4_lane0,0.986,0.176
0,route4_veh6,route4,12.178,84.891,5676.465,1.067,3.146,70.874,710.352,112.503,route4_lane0,14.718,0.585
20,route4_veh6,route4,16.519,61.062,5419.194,1.536,4.08,70.909,974.439,975.602,route4_lane0,1.306,0.943
40,route4_veh6,route4,15.462,121.798,5444.861,2.849,2.875,50.999,362.293,826.39,route4_lane0,14.03,0.847
60,route4_veh6,route4,11.995,93.473,5229.871,0.002,3.2,57.791,525.318,66.055,route4_lane0,19.451,0.609
80,route4_veh6,route4,12.947,39.541,8143.641,1.414,4.255,56.704,315.668,125.251,route4_lane0,13.11,0.946
100,route4_veh6,route4,14.307,82.929,4362.61,0.27,3.227,70.531,244.655,421.301,route4_lane0,16.777,-0.562
120,route4_veh6,route4,12.978,107.504,4871.677,2.723,3.552,51.219,843.729,438.044,route4_lane0,6.848,0.68
140,route4_veh6,route4,11.365,97.497,7076.893,3.997,2.505,54.606,57.002,587.798,route4_lane0,16.807,-0.498
160,route4_veh6,route4,17.803,102.218,5111.46,1.167,1.448,50.665,735.229,625.65,route4_lane0,11.615,0.662
180,route4_veh6,route4,16.529,124.071,5803.98,1.344,3.85,74.068,628.347,184.101,route4_lane0,2.113,0.418
0,route4_veh7,route4,14.97,127.095,8053.983,3.044,3.846,51.405,747.521,850.853,route4_lane0,5.723,0.514
20,route4_veh7,route4,9.817,121.347,5066.572,2.786,2.155,55.885,494.371,914.835,route4_lane0,4.234,0.553
40,route4_veh7,route4,15.262,80.552,7557.376,2.501,3.395,55.822,156.76,683.429,route4_lane0,11.874,-0.958
60,route4_veh7,route4,11.584,121.921,3896.387,1.306,2.041,64.115,252.323,915.29,route4_lane0,5.314,-1.353
80,route4_veh7,route4,16.071,101.64,7289.316,2.43,1.813,54.708,303.735,93.017,route4_lane0,2.877,1.058
100,route4_veh7,route4,13.466,72.18,5999.084,2.844,3.348,54.93,97.61,166.849,route4_lane0,18.475,-0.898
120,route4_veh7,route4,12.537,121.858,7095.68,4.575,4.18,65.718,266.101,39.006,route4_lane0,9.111,1.144
140,route4_veh7,route4,14.504,118.63,7100.998,1.622,3.742,52.676,780.699,910.196,route4_lane0,7.657,-0.638
160,route4_veh7,route4,10.879,143.63,4314.697,1.902,3.37,56.321,67.285,267.997,route4_lane0,18.244,0.584
180,route4_veh7,route4,18.18,115.984,7547.389,1.534,2.921,65.669,146.097,823.004,route4_lane0,4.701,-0.3
0,route4_veh8,route4,10.789,137.976,5424.401,2.719,3.792,74.984,211.431,265.171,route4_lane0,13.257,-0.571
20,route4_veh8,route4,18.356,95.354,5784.306,2.201,3.809,59.458,88.397,342.226,route4_lane0,19.628,-0.584
40,route4_veh8,route4,10.469,140.514,5820.326,3.332,3.209,73.219,496.743,842.945,route4_lane0,8.918,-0.985
60,route4_veh8,route4,17.065,117.973,5948.412,1.42,2.386,59.039,534.799,996.224,route4_lane0,9.491,0.196
80,route4_veh8,route4,13.167,127.282,7006.136,3.81,2.784,65.108,630.019,417.383,route4_lane0,2.886,0.937
100,route4_veh8,route4,12.965,107.231,7323.624,1.661,3.068,54.063,959.746,851.581,route4_lane0,17.276,-2.02
120,route4_veh8,route4,18.326,82.191,6567.037,2.19,4.146,50.187,422.687,718.068,route4_lane0,8.854,-2.838
140,route4_veh8,route4,11.338,114.295,6927.503,3.762,2.333,65.701,829.94,415.628,route4_lane0,5.166,-0.733
160,route4_veh8,route4,15.159,115.944,5684.923,0.0,3.523,58.969,995.645,480.184,route4_lane0,9.718,-1.22
180,route4_veh8,route4,16.442,98.215,6229.212,3.889,3.637,62.309,192.316,463.936,route4_lane0,4.916,1.616
0,route4_veh9,route4,13.254,110.665,6554.677,3.123,3.703,53.235,375.821,99.146,route4_lane0,12.459,2.155
20,route4_veh9,route4,18.446,87.92,5821.308,2.029,3.718,67.761,418.924,517.272,route4_lane0,1.684,-0.158
40,route4_veh9,route4,15.957,54.217,7076.313,1.445,3.823,69.421,673.42,614.499,route4_lane0,17.849,-0.963
60,route4_veh9,route4,13.306,80.59,8265.242,1.801,1.963,55.975,281.285,411.127,route4_lane0,4.687,0.665
80,route4_veh9,route4,13.752,101.077,7641.567,3.027,2.809,69.752,616.291,44.861,route4_lane0,12.451,-0.198
100,route4_veh9,route4,11.021,58.87,7299.524,3.078,3.577,60.162,771.836,483.877,route4_lane0,17.951,-0.129
120,route4_veh9,route4,12.175,109.813,6991.563,2.857,3.081,51.247,149.909,537.581,route4_lane0,11.516,-0.038
140,route4_veh9,route4,16.168,97.795,7708.589,3.018,3.026,61.489,498.968,72.213,route4_lane0,13.689,-0.304
160,route4_veh9,route4,18.778,95.484,5073.244,2.45,1.954,71.81,613.116,157.204,route4_lane0,19.247,0.473
180,route4_veh9,route4,11.627,95.85,4861.974,3.201,3.519,74.474,501.87,454.957,route4_lane0,15.07,0.496
0,route4_veh10,route4,14.416,67.847,5458.087,2.598,4.104,71.404,99.238,90.721,route4_lane0,5.254,-0.256
20,route4_veh10,route4,12.396,102.374,4703.291,3.781,2.335,65.98,235.683,713.66,route4_lane0,17.474,0.722
40,route4_veh10,route4,11.017,101.239,5080.333,2.247,4.029,52.645,506.14,814.625,route4_lane0,18.723,0.797
60,route4_veh10,route4,15.937,95.485,3715.621,3.283,2.976,61.798,490.312,846.785,route4_lane0,16.639,1.202
80,route4_veh10,route4,8.928,70.538,9806.261,2.194,3.731,62.162,334.046,106.821,route4_lane0,4.777,-0.651
100,route4_veh10,route4,13.656,101.607,6319.86,1.236,3.486,63.793,356.559,447.303,route4_lane0,19.31,-1.949
120,route4_veh10,route4,9.814,77.302,6184.704,0.904,2.261,67.732,21.15,418.933,route4_lane0,15.517,0.652
140,route4_veh10,route4,16.269,47.148,7291.341,1.696,3.307,58.813,722.684,319.225,route4_lane0,18.118,-0.248
160,route4_veh10,route4,13.525,90.404,5485.192,2.486,2.937,73.082,544.825,269.742,route4_lane0,14.048,0.241
180,route4_veh10,route4,16.606,65.342,7205.427,3.12,1.089,53.782,284.675,375.971,route4_lane0,15.126,0.093
0,route4_veh11,route4,11.581,96.892,7322.708,2.358,4.166,61.659,361.666,108.4,route4_lane0,17.519,0.531
20,route4_veh11,route4,12.314,106.984,3350.22,5.049,3.531,64.494,540.217,50.323,route4_lane0,1.258,0.149
40,route4_veh11,route4,16.612,118.72,6656.828,2.358,2.524,56.224,372.307,254.664,route4_lane0,9.779,-0.826
60,route4_veh11,route4,14.573,94.092,6676.322,1.978,6.077,64.04,170.814,197.69,route4_lane0,6.376,1.36
80,route4_veh11,route4,9.98,105.805,5682.344,3.468,3.994,69.569,937.481,691.927,route4_lane0,3.117,1.374
100,route4_veh11,route4,15.897,83.146,5573.874,4.11,3.227,52.26,947.857,258.557,route4_lane0,6.744,0.636
120,route4_veh11,route4,12.292,91.899,5222.936,2.49,1.311,69.321,803.171,153.413,route4_lane0,7.331,-1.12
140,route4_veh11,route4,10.918,85.668,7273.422,3.428,2.503,52.645,628.207,121.372,route4_lane0,19.719,-1.153
160,route4_veh11,route4,12.445,128.132,7492.539,2.658,1.728,59.468,843.145,644.213,route4_lane0,13.014,0.211
180,route4_veh11,route4,18.991,102.631,7204.87,3.914,3.447,68.003,86.136,463.81,route4_lane0,3.48,-0.501
0,route4_veh12,route4,17.29,40.219,8341.379,3.622,2.54,53.012,851.537,156.613,route4_lane0,19.495,0.543
20,route4_veh12,route4,14.009,125.75,7679.22,1.1,3.587,51.641,549.412,590.866,route4_lane0,13.055,-0.206
40,route4_veh12,route4,11.781,61.635,6037.193,2.935,3.24,69.055,713.607,207.511,route4_lane0,11.376,1.253
60,route4_veh12,route4,13.413,121.502,6438.172,3.003,2.681,73.793,319.721,868.098,route4_lane0,17.625,-1.03
80,route4_veh12,route4,12.033,89.107,5372.644,3.619,2.706,62.132,777.909,382.363,route4_lane0,8.863,1.453
100,route4_veh12,route4,9.584,60.654,8154.164,2.616,3.39,66.768,269.439,277.523,route4_lane0,18.668,-2.22
120,route4_veh12,route4,15.695,135.895,6234.749,2.569,3.193,63.644,359.424,81.474,route4_lane0,3.867,2.392
140,route4_veh12,route4,13.656,109.169,5711.153,2.451,3.711,56.078,744.751,168.237,route4_lane0,3.799,3.113
160,route4_veh12,route4,8.613,86.748,7379.395,1.226,4.048,60.443,73.085,273.666,route4_lane0,19.6,0.488
180,route4_veh12,route4,18.795,113.339,6510.54,2.262,3.077,73.019,968.419,540.553,route4_lane0,9.164,-0.512
0,route4_veh13,route4,14.466,104.954,6430.511,1.765,2.814,61.387,582.145,356.77,route4_lane0,3.285,-1.599
20,route4_veh13,route4,17.864,95.363,5016.637,3.754,3.731,74.197,889.836,600.535,route4_lane0,10.601,0.538
40,route4_veh13,route4,20.555,77.832,8448.662,2.883,3.499,52.204,413.666,750.161,route4_lane0,13.868,-1.692
60,route4_veh13,route4,7.777,94.449,7846.234,2.313,3.729,55.088,873.361,59.762,route4_lane0,17.772,0.351
80,route4_veh13,route4,10.35,66.962,7351.223,2.519,2.861,71.414,396.054,199.157,route4_lane0,8.496,-0.424
100,route4_veh13,route4,16.231,89.878,6537.675,4.108,2.979,51.456,262.274,436.07,route4_lane0,3.138,0.289
120,route4_veh13,route4,15.829,56.116,6741.014,2.601,3.041,69.366,562.145,552.704,route4_lane0,2.295,1.037
140,route4_veh13,route4,14.253,68.269,7647.554,4.825,2.983,51.59,551.688,841.096,route4_lane0,19.937,0.505
160,route4_veh13,route4,8.538,77.356,4829.65,4.204,2.885,56.631,686.091,948.79,route4_lane0,5.361,-0.346
180,route4_veh13,route4,11.699,96.702,7734.523,3.002,3.248,67.849,924.659,517.132,route4_lane0,2.341,0.078
